ID,First Name,Last Name,DOB,Role,Moeny Available,Flights Pruchased,Miner Air Membership,Username,Password
18,Jafar,Aladdin,3/16/28,Customer,566.1499999999996,4,false,jafaraladdin,Fun!23
31,Prince,Eric,7/11/07,Customer,850.3799999999997,2,false,princeeric,Fun!23
5,Pluto,Disney,8/5/95,Customer,2072.9650000000024,2,true,plutodisney,Fun!23
32,Quasimodo,Disney,11/12/78,Customer,4736.659999999999,2,true,quasimododisney,Fun!23
3,Minnie,Mouse,11/23/42,Customer,1137.1299999999997,4,false,minniemouse,Fun!23
24,Simba,King,9/20/97,Customer,256.29500000000235,4,true,simbaking,Fun!23
36,Stitch,Disney,5/16/35,Customer,2891.365,1,true,stitchdisney,Fun!23
6,Chip,Disney,11/28/41,Customer,1811.97,1,false,chipdisney,Fun!23
21,Belle,Disney,10/13/15,Customer,1946.280000000001,3,false,belledisney,Fun!23
9,Ariel,Disney,3/12/37,Customer,143.53500000000054,2,true,arieldisney,Fun!23
28,Kaa,Disney,1/27/43,Customer,978.3199999999999,1,false,kaadisney,Fun!23
35,Lilo,Disney,8/9/34,Customer,1519.885,1,true,lilodisney,Fun!23
22,Cruella,De Vil,12/12/23,Customer,1896.19,4,false,cruellade vil,Fun!23
4,Goofy,Disney,6/10/34,Customer,433.9800000000014,2,false,goofydisney,Fun!23
11,Aladdin,Disney,11/3/66,Customer,3426.1299999999997,1,true,aladdindisney,Fun!23
19,Ursela,Mermaid,1/11/94,Customer,3332.1349999999993,3,true,urselamermaid,Fun!23
15,Peter,Pan,12/26/30,Customer,1402.4000000000015,2,true,peterpan,Fun!23
7,Dale,Disney,10/8/50,Customer,1408.7399999999993,1,false,daledisney,Fun!23
10,Jasmine,Disney,3/22/02,Customer,664.4100000000003,2,true,jasminedisney,Fun!23
20,Beast,Disney,1/18/44,Customer,2621.295,1,true,beastdisney,Fun!23
13,Mufassa,Disney,1/24/00,Customer,322.2649999999994,3,true,mufassadisney,Fun!23
17,Buzz,Lightyear,12/2/27,Customer,699.0350000000002,2,true,buzzlightyear,Fun!23
29,Evil,Queen,1/1/58,Customer,558.135000000002,4,true,evilqueen,Fun!23
33,Hercules,Disney,6/16/18,Customer,2814.505,2,true,herculesdisney,Fun!23
14,Aurora,Disney,7/18/62,Customer,1879.7600000000011,2,true,auroradisney,Fun!23
23,Scar,Lion,5/10/75,Customer,3021.68,5,true,scarlion,Fun!23
34,Mulan,Disney,2/5/87,Customer,1557.8199999999997,1,false,mulandisney,Fun!23
1,Mickey,Mouse,2/29/36,Customer,81.57499999999982,4,true,mickeymouse,Fun!23
30,Pinocchio,Disney,6/25/83,Customer,882.4299999999994,3,false,pinocchiodisney,Fun!23
27,Captaiin,Hook,8/18/88,Customer,2142.7599999999998,3,false,captaiinhook,Fun!23
2,Donald,Duck,3/21/17,Customer,665.8849999999998,4,true,donaldduck,Fun!23
12,Simba,Disney,3/23/29,Customer,401.9600000000007,4,true,simbadisney,Fun!23
26,Shere,Khan,2/18/74,Customer,2433.2400000000007,4,false,sherekhan,Fun!23
25,Gaston,Disney,6/12/32,Customer,3806.2400000000002,2,true,gastondisney,Fun!23
16,Woody,Disney,2/20/91,Customer,600.6000000000004,2,false,woodydisney,Fun!23
8,Cinderella,Disney,4/9/98,Customer,2023.3399999999997,2,false,cinderelladisney,Fun!23
498,Brittany,Nielsen,1/7/60,Employee,2166.48,4,false,brittanynielsen,Fun!23
906,Rodney,Moss,6/9/80,Employee,111.11750000000029,2,true,rodneymoss,Fun!23
861,Paul,Harmon,1/4/34,Employee,238.59499999999986,4,true,paulharmon,Fun!23
930,Jennifer,Schneider,4/6/91,Employee,215.5774999999999,9,true,jenniferschneider,Fun!23
799,Stephanie,Obrien,4/6/22,Employee,550.1099999999983,8,true,stephanieobrien,Fun!23
798,Micheal,Sanders,7/11/61,Employee,220.9799999999999,5,false,michealsanders,Fun!23
950,Robert,Wang,4/20/48,Employee,1568.9350000000009,7,true,robertwang,Fun!23
924,Matthew,Khan,11/3/59,Employee,3088.68,3,false,matthewkhan,Fun!23
158,Melanie,Kirk,6/16/47,Employee,4303.1224999999995,5,true,melaniekirk,Fun!23
506,Danielle,Dorsey,1/11/16,Employee,1611.265,6,true,danielledorsey,Fun!23
744,Angela,Carney,1/26/29,Employee,128.13000000000017,4,false,angelacarney,Fun!23
249,Jessica,Moore,2/9/63,Employee,807.4699999999999,5,true,jessicamoore,Fun!23
152,Victoria,Martin,2/28/21,Employee,328.0700000000001,5,false,victoriamartin,Fun!23
650,David,Cox,6/2/68,Employee,300.98999999999893,9,false,davidcox,Fun!23
855,Laurie,Johnson,10/18/28,Employee,1072.8524999999997,8,true,lauriejohnson,Fun!23
577,Christopher,Craig,1/30/36,Employee,799.6424999999995,6,true,christophercraig,Fun!23
293,Alexandra,Robinson,2/10/77,Employee,672.3799999999997,4,false,alexandrarobinson,Fun!23
742,Kevin,Boone,4/27/53,Employee,12.370000000000346,6,false,kevinboone,Fun!23
475,Doris,Mercado,4/10/19,Employee,36.642499999999814,3,true,dorismercado,Fun!23
342,Denise,Williams,8/29/00,Employee,2777.5700000000006,5,true,denisewilliams,Fun!23
170,Christina,Walker,5/3/81,Employee,224.35999999999922,5,false,christinawalker,Fun!23
336,Kimberly,Garcia,6/1/79,Employee,486.27000000000055,5,false,kimberlygarcia,Fun!23
555,Martha,Perry,3/9/46,Employee,826.8499999999992,7,false,marthaperry,Fun!23
355,Heidi,Barker,8/28/62,Employee,1967.57,4,true,heidibarker,Fun!23
966,Mary,Anderson,10/17/60,Employee,40.499999999999545,3,false,maryanderson,Fun!23
212,Sheila,Lewis,9/12/74,Employee,488.37249999999995,6,true,sheilalewis,Fun!23
67,Enrique,Rico,3/26/18,Employee,91.35999999999996,5,false,enriquerico,Fun!23
836,Gary,Park,3/3/68,Employee,330.41749999999956,6,true,garypark,Fun!23
410,Ray,Huynh,7/11/88,Employee,621.5099999999989,7,false,rayhuynh,Fun!23
806,Elizabeth,Castillo,7/15/13,Employee,919.4100000000004,7,false,elizabethcastillo,Fun!23
846,Joshua,Gomez,7/14/74,Employee,228.6300000000009,7,true,joshuagomez,Fun!23
1017,Kim,Craig,3/6/86,Employee,673.7250000000033,9,true,kimcraig,Fun!23
542,Amy,Chase,5/25/42,Employee,2311.5724999999993,9,true,amychase,Fun!23
378,Travis,Ruiz,6/24/52,Employee,257.2399999999998,2,false,travisruiz,Fun!23
633,Christopher,Osborne,5/23/00,Employee,0.8199999999983447,8,false,christopherosborne,Fun!23
76,Sariyah,Russell,7/23/14,Employee,76.55999999999995,5,false,sariyahrussell,Fun!23
272,Tanya,Davis,11/30/09,Employee,128.87999999999874,4,false,tanyadavis,Fun!23
323,Lindsay,Webster,4/3/66,Employee,1338.0900000000001,4,true,lindsaywebster,Fun!23
1038,Amanda,Baker,9/10/95,Employee,792.9000000000015,3,true,amandabaker,Fun!23
424,Randy,Keller,2/1/62,Employee,820.9375000000002,6,true,randykeller,Fun!23
936,Sharon,Gillespie,4/10/69,Employee,133.29000000000215,3,false,sharongillespie,Fun!23
745,Dennis,Smith,3/28/04,Employee,3775.682500000001,5,true,dennissmith,Fun!23
525,Victoria,Moses,9/19/19,Employee,1375.4199999999992,5,false,victoriamoses,Fun!23
730,Holly,Cruz,7/4/15,Employee,50.67000000000007,5,false,hollycruz,Fun!23
480,Kelly,Bell,9/7/92,Employee,4165.009999999999,6,false,kellybell,Fun!23
624,Michelle,Walsh,3/30/47,Employee,841.1949999999997,1,true,michellewalsh,Fun!23
715,Jermaine,Dean,6/17/93,Employee,388.1100000000006,5,false,jermainedean,Fun!23
748,Sandy,Blackwell,6/28/41,Employee,7739.539999999999,4,false,sandyblackwell,Fun!23
287,Tammy,Martinez,11/24/97,Employee,3922.09,7,false,tammymartinez,Fun!23
676,William,Ortiz,10/18/15,Employee,2767.965,5,true,williamortiz,Fun!23
408,David,Soto,2/9/52,Employee,2229.6099999999997,3,false,davidsoto,Fun!23
497,Gabriel,Hansen,1/20/34,Employee,1906.0500000000015,6,false,gabrielhansen,Fun!23
1007,Melissa,Holt,1/1/57,Employee,70.68999999999983,9,false,melissaholt,Fun!23
376,Dean,Smith,4/24/71,Employee,43.26999999999862,4,false,deansmith,Fun!23
271,Susan,Allen,3/21/92,Employee,1371.7000000000003,5,true,susanallen,Fun!23
1012,Mikayla,Dennis,1/19/41,Employee,927.5150000000008,7,true,mikayladennis,Fun!23
489,Amber,Sellers,5/3/04,Employee,199.697500000001,7,true,ambersellers,Fun!23
689,Jose,Farley,7/25/41,Employee,8482.674999999996,5,true,josefarley,Fun!23
148,Ashley,Evans,10/18/79,Employee,535.9124999999995,7,true,ashleyevans,Fun!23
46,Ruben,CarmonaMedrano,6/6/87,Employee,802.0149999999999,4,true,rubencarmonamedrano,Fun!23
643,Nicholas,Copeland,7/1/59,Employee,169.8375000000005,5,true,nicholascopeland,Fun!23
838,Victoria,White,8/24/55,Employee,850.909999999999,6,true,victoriawhite,Fun!23
388,Craig,Oconnell,5/29/75,Employee,1214.4475,4,true,craigoconnell,Fun!23
829,Julie,Shaw,5/23/45,Employee,17.872500000000315,6,true,julieshaw,Fun!23
1035,Brooke,Maxwell,6/21/19,Employee,105.30000000000013,6,false,brookemaxwell,Fun!23
150,Richard,Vargas,1/2/88,Employee,5935.015,5,true,richardvargas,Fun!23
939,Carol,Elliott,3/8/44,Employee,124.97000000000048,2,false,carolelliott,Fun!23
233,Alexander,Kelly,8/17/36,Employee,1036.6699999999998,9,true,alexanderkelly,Fun!23
459,Linda,Alexander,7/7/18,Employee,2238.999999999999,2,false,lindaalexander,Fun!23
190,Eric,Vazquez,4/18/96,Employee,56.820000000000135,4,false,ericvazquez,Fun!23
929,Sarah,Taylor,2/2/54,Employee,69.86000000000007,6,false,sarahtaylor,Fun!23
737,Michael,Cowan,6/28/98,Employee,2193.129999999999,3,true,michaelcowan,Fun!23
516,Bobby,Bennett,8/29/93,Employee,206.92750000000035,3,true,bobbybennett,Fun!23
382,Joshua,Meadows,9/21/62,Employee,108.57250000000045,5,true,joshuameadows,Fun!23
49,Luis,Del Campo,4/18/40,Employee,4581.7325,5,true,luisdel campo,Fun!23
110,Crystal,Hudson,1/4/32,Employee,98.10000000000036,6,true,crystalhudson,Fun!23
479,Wesley,Lambert,5/22/77,Employee,352.41499999999985,4,true,wesleylambert,Fun!23
736,Kimberly,Roberts,10/11/01,Employee,112.95000000000113,9,true,kimberlyroberts,Fun!23
385,Alicia,Jenkins,5/7/44,Employee,3672.5275,3,true,aliciajenkins,Fun!23
800,Holly,Davidson,5/16/61,Employee,2612.700000000001,3,false,hollydavidson,Fun!23
725,Joshua,Hickman,1/5/24,Employee,523.5300000000004,8,false,joshuahickman,Fun!23
871,Bryan,Wise,3/24/77,Employee,707.0825,8,true,bryanwise,Fun!23
538,Jessica,Olsen,10/25/28,Employee,3710.559999999999,6,false,jessicaolsen,Fun!23
596,James,Brennan,3/12/36,Employee,1433.4500000000016,10,true,jamesbrennan,Fun!23
125,Brian,Andrews,10/15/56,Employee,6730.257499999999,7,true,brianandrews,Fun!23
896,Amy,Morse,7/6/49,Employee,204.57250000000232,5,true,amymorse,Fun!23
245,Dorothy,Cox,7/1/16,Employee,53.80749999999978,4,true,dorothycox,Fun!23
61,Leila,Martinez,12/17/88,Employee,14.48500000000081,3,true,leilamartinez,Fun!23
281,Gregory,Sullivan,2/6/45,Employee,942.655,7,true,gregorysullivan,Fun!23
612,Darren,Gibbs,3/13/06,Employee,62.01999999999987,2,false,darrengibbs,Fun!23
430,Jill,Solis,9/11/04,Employee,160.77999999999997,3,false,jillsolis,Fun!23
975,Jerry,Rodriguez,8/27/68,Employee,196.3049999999996,3,true,jerryrodriguez,Fun!23
790,Hector,Whitney,8/28/27,Employee,139.87750000000233,9,true,hectorwhitney,Fun!23
566,Corey,Wilson,12/16/86,Employee,323.26750000000106,7,true,coreywilson,Fun!23
532,Alexander,Carter,3/30/73,Employee,4645.357499999998,3,true,alexandercarter,Fun!23
237,Andrew,Campos,4/13/44,Employee,1077.4799999999996,3,false,andrewcampos,Fun!23
788,Kathy,Smith,1/9/66,Employee,761.7399999999999,3,false,kathysmith,Fun!23
703,Wesley,Williamson,5/17/91,Employee,618.0300000000002,2,false,wesleywilliamson,Fun!23
394,Tanya,Kent,4/11/09,Employee,72.39249999999907,7,true,tanyakent,Fun!23
979,Anthony,Byrd,11/24/98,Employee,574.9999999999999,6,false,anthonybyrd,Fun!23
1013,Carlos,Lynch,10/1/41,Employee,473.6800000000001,3,false,carloslynch,Fun!23
491,Jessica,Anderson,11/6/61,Employee,1119.9300000000007,6,false,jessicaanderson,Fun!23
463,Alexandra,Fox,8/8/02,Employee,3097.8099999999995,2,false,alexandrafox,Fun!23
52,Jose,Espinoza Gonzalez,6/19/18,Employee,738.8850000000002,5,true,joseespinoza gonzalez,Fun!23
720,Cody,Robles,12/1/02,Employee,194.69999999999982,2,false,codyrobles,Fun!23
40,Isabella,Gaytan,10/9/09,Employee,1242.3424999999988,10,true,isabellagaytan,Fun!23
548,Ryan,Bowman,12/27/46,Employee,78.83999999999946,8,false,ryanbowman,Fun!23
206,Zachary,Ellison,7/31/74,Employee,1158.2700000000002,9,false,zacharyellison,Fun!23
912,Deanna,Cummings,6/5/93,Employee,1054.4700000000007,3,false,deannacummings,Fun!23
952,Mitchell,Gross,12/26/41,Employee,274.4099999999992,9,true,mitchellgross,Fun!23
938,Kylie,King,9/10/46,Employee,338.7700000000001,7,false,kylieking,Fun!23
774,Elizabeth,Dominguez,11/11/88,Employee,4368.7975,6,true,elizabethdominguez,Fun!23
683,Sarah,Griffin,8/11/68,Employee,2555.2525000000014,5,true,sarahgriffin,Fun!23
611,Edward,Molina,12/20/09,Employee,2434.959999999999,5,false,edwardmolina,Fun!23
564,Christopher,Johnson,1/24/78,Employee,181.41999999999985,3,true,christopherjohnson,Fun!23
884,Mark,Washington,1/16/40,Employee,3433.0150000000003,4,true,markwashington,Fun!23
946,Brett,Mathis,5/7/41,Employee,1724.0800000000008,4,true,brettmathis,Fun!23
1004,Joseph,Hanna,12/26/90,Employee,38.3100000000004,2,false,josephhanna,Fun!23
363,Kevin,Swanson,9/13/60,Employee,433.2675000000007,6,true,kevinswanson,Fun!23
687,Mary,Gonzalez,11/2/83,Employee,1735.65,3,false,marygonzalez,Fun!23
630,Colleen,Sanchez,7/30/35,Employee,359.7299999999997,4,false,colleensanchez,Fun!23
277,Michael,Williams,7/14/66,Employee,4217.229999999999,5,false,michaelwilliams,Fun!23
309,Amy,Bradley,7/8/24,Employee,888.5350000000003,5,true,amybradley,Fun!23
1032,Kimberly,Harris,7/18/32,Employee,912.920000000001,6,false,kimberlyharris,Fun!23
386,Jacob,Williams,4/27/75,Employee,733.5200000000002,4,true,jacobwilliams,Fun!23
328,Jason,Wolfe,2/7/54,Employee,6145.2649999999985,4,true,jasonwolfe,Fun!23
118,Crystal,Walker,3/18/65,Employee,28.339999999999776,3,false,crystalwalker,Fun!23
458,Philip,Chaney,2/27/04,Employee,112.44999999999982,3,false,philipchaney,Fun!23
315,Lisa,Gaines,3/18/02,Employee,405.3699999999999,5,false,lisagaines,Fun!23
151,Derrick,Grant,9/9/52,Employee,8578.9,2,false,derrickgrant,Fun!23
870,Wendy,Montoya,8/1/40,Employee,1.1600000000000819,4,true,wendymontoya,Fun!23
705,Leonard,King,9/16/19,Employee,18.995000000000687,4,true,leonardking,Fun!23
881,Brett,Wallace,1/16/18,Employee,298.79999999999995,3,false,brettwallace,Fun!23
39,Diana,Valles,10/27/05,Employee,228.79499999999962,2,true,dianavalles,Fun!23
793,Colleen,Hall,8/3/25,Employee,1706.837500000001,6,true,colleenhall,Fun!23
401,Michael,Castillo,6/11/98,Employee,443.26249999999766,8,true,michaelcastillo,Fun!23
945,Suzanne,Kennedy,7/4/58,Employee,2524.4100000000003,4,false,suzannekennedy,Fun!23
241,Kaylee,Patterson,10/12/32,Employee,537.3899999999999,3,false,kayleepatterson,Fun!23
915,April,Lopez,9/22/13,Employee,2397.8074999999985,10,true,aprillopez,Fun!23
82,Gabriel,Terrazas,9/17/44,Employee,365.34000000000026,4,true,gabrielterrazas,Fun!23
767,Richard,Sullivan,5/21/16,Employee,266.4200000000005,4,false,richardsullivan,Fun!23
803,George,Proctor,3/25/49,Employee,120.6099999999999,5,false,georgeproctor,Fun!23
384,Elizabeth,Alvarez,2/2/61,Employee,3140.1000000000004,4,false,elizabethalvarez,Fun!23
144,Todd,Brooks,7/1/64,Employee,5651.530000000002,5,false,toddbrooks,Fun!23
607,Sarah,Cline,8/21/74,Employee,2590.595,3,true,sarahcline,Fun!23
758,Brian,Rojas,5/26/38,Employee,290.4800000000001,3,false,brianrojas,Fun!23
283,Dawn,King,8/8/30,Employee,1643.8175,3,true,dawnking,Fun!23
738,Michael,Mccormick,12/25/25,Employee,725.4975000000006,4,true,michaelmccormick,Fun!23
71,Seth,Rodriguez,2/22/44,Employee,152.08249999999984,4,true,sethrodriguez,Fun!23
571,Chris,Jones,11/20/98,Employee,3077.8575,4,true,chrisjones,Fun!23
514,Jennifer,Mills,3/28/37,Employee,6242.719999999999,4,false,jennifermills,Fun!23
613,Andrew,Mcclure,12/21/05,Employee,849.3724999999995,4,true,andrewmcclure,Fun!23
685,Anna,Davis,10/19/40,Employee,4080.000000000001,4,false,annadavis,Fun!23
278,Susan,Garcia,8/11/03,Employee,379.37250000000097,7,true,susangarcia,Fun!23
844,Linda,Miller,11/29/61,Employee,1070.72,4,false,lindamiller,Fun!23
310,Denise,Morales,4/30/74,Employee,4220.4400000000005,5,false,denisemorales,Fun!23
147,Rachel,Vasquez,10/31/81,Employee,1097.88,7,false,rachelvasquez,Fun!23
561,Gerald,Beltran,2/11/96,Employee,280.45250000000055,7,true,geraldbeltran,Fun!23
452,Jerry,Hampton,3/1/51,Employee,21.900000000002194,7,true,jerryhampton,Fun!23
58,Miguel,Lucero,11/18/33,Employee,310.3299999999998,7,false,miguellucero,Fun!23
248,Christopher,Wright,12/5/76,Employee,530.6200000000015,5,false,christopherwright,Fun!23
243,Ashley,Jones,4/4/40,Employee,193.4300000000003,3,false,ashleyjones,Fun!23
940,Elizabeth,Rodriguez,9/20/88,Employee,3485.66,5,false,elizabethrodriguez,Fun!23
680,Tyrone,Johnston,7/11/06,Employee,742.2199999999998,5,true,tyronejohnston,Fun!23
815,Jose,Smith,10/2/34,Employee,3918.42,1,false,josesmith,Fun!23
353,Lisa,Brown,5/29/09,Employee,677.8375000000001,5,true,lisabrown,Fun!23
75,Gustavo,Rubio,9/16/42,Employee,55.80000000000007,5,true,gustavorubio,Fun!23
172,Karla,Johnson,3/24/33,Employee,558.1975000000002,5,true,karlajohnson,Fun!23
578,Jamie,Hernandez,4/1/53,Employee,3411.6624999999995,6,true,jamiehernandez,Fun!23
56,Victor,Lopez,8/31/51,Employee,1145.9799999999998,7,true,victorlopez,Fun!23
169,Thomas,King,4/19/44,Employee,107.94999999999936,3,false,thomasking,Fun!23
441,Steven,Cabrera,8/20/61,Employee,391.67000000000144,4,false,stevencabrera,Fun!23
982,Sara,West,10/20/47,Employee,2233.319999999999,3,false,sarawest,Fun!23
646,Matthew,Gonzalez,6/30/56,Employee,619.8175000000001,5,true,matthewgonzalez,Fun!23
777,Michael,Thomas,9/8/16,Employee,2071.6024999999986,4,true,michaelthomas,Fun!23
592,Christina,Jones,9/14/49,Employee,158.8100000000004,6,false,christinajones,Fun!23
1022,Bryan,Massey,5/17/52,Employee,2335.4800000000014,4,false,bryanmassey,Fun!23
517,Michael,Adams,11/22/77,Employee,2140.42,5,true,michaeladams,Fun!23
667,Lori,Hall,3/18/80,Employee,465.2625000000003,5,true,lorihall,Fun!23
1033,Angela,English,2/27/28,Employee,3058.6250000000005,3,true,angelaenglish,Fun!23
215,Bridget,Wagner,7/21/91,Employee,4096.55,5,false,bridgetwagner,Fun!23
983,Jennifer,Preston,11/26/08,Employee,88.23999999999933,6,false,jenniferpreston,Fun!23
540,Michael,Martinez,10/15/17,Employee,1856.5375000000013,6,true,michaelmartinez,Fun!23
137,Ronald,Parker,1/20/35,Employee,302.49499999999966,1,true,ronaldparker,Fun!23
111,Travis,Mcdonald,11/7/37,Employee,1475.6800000000003,4,false,travismcdonald,Fun!23
747,Monica,Craig,8/31/16,Employee,41.71000000000049,4,false,monicacraig,Fun!23
773,Sean,Smith,12/3/98,Employee,538.7900000000002,2,true,seansmith,Fun!23
412,Rachel,Roberson,10/13/70,Employee,160.48999999999864,7,false,rachelroberson,Fun!23
530,Ryan,Brown,2/20/83,Employee,2487.335,5,true,ryanbrown,Fun!23
186,Cody,Scott,12/3/32,Employee,156.91750000000047,6,true,codyscott,Fun!23
333,Alexander,Cameron,12/1/33,Employee,54.899999999999636,2,false,alexandercameron,Fun!23
619,Tyler,Baxter,1/26/76,Employee,375.58,2,false,tylerbaxter,Fun!23
326,Melissa,Rivera,3/23/29,Employee,332.7249999999999,2,true,melissarivera,Fun!23
833,Michael,Williamson,5/3/15,Employee,2499.26,4,false,michaelwilliamson,Fun!23
754,Elizabeth,Torres,6/29/22,Employee,215.3425000000001,4,true,elizabethtorres,Fun!23
751,Nicole,Hart,1/4/53,Employee,3461.6624999999995,3,true,nicolehart,Fun!23
634,Mercedes,Nichols,11/17/61,Employee,1503.6699999999992,9,true,mercedesnichols,Fun!23
670,Nicholas,Jackson,3/3/16,Employee,916.5325000000014,5,true,nicholasjackson,Fun!23
807,Jonathan,Martinez,11/7/60,Employee,4530.254999999999,5,true,jonathanmartinez,Fun!23
381,Teresa,Jacobs,10/24/74,Employee,3491.2374999999993,7,true,teresajacobs,Fun!23
791,Timothy,Johnson,2/28/64,Employee,186.36000000000058,3,false,timothyjohnson,Fun!23
673,Ashley,Walker,7/10/79,Employee,2660.49,4,false,ashleywalker,Fun!23
694,Timothy,Bernard,3/10/49,Employee,520.2374999999998,4,true,timothybernard,Fun!23
886,Kelly,Herring,1/12/81,Employee,592.53,4,false,kellyherring,Fun!23
735,Christopher,Underwood,9/18/08,Employee,1786.37,5,false,christopherunderwood,Fun!23
393,Donna,Travis,2/8/05,Employee,42.11999999999989,4,true,donnatravis,Fun!23
887,Joseph,Davis,12/28/13,Employee,716.4999999999993,6,false,josephdavis,Fun!23
180,Richard,Brown,8/11/64,Employee,419.6249999999998,2,true,richardbrown,Fun!23
338,Emma,Armstrong,5/10/00,Employee,2116.7275,5,true,emmaarmstrong,Fun!23
827,Crystal,Hayes,8/1/01,Employee,88.66999999999962,6,false,crystalhayes,Fun!23
260,Chris,Holden,3/11/71,Employee,418.0400000000002,10,false,chrisholden,Fun!23
103,Katherine,Evans,11/27/95,Employee,565.3200000000005,2,false,katherineevans,Fun!23
958,Becky,Simpson,2/24/94,Employee,41.099999999999284,4,false,beckysimpson,Fun!23
520,Margaret,Smith,7/7/43,Employee,1130.69,7,false,margaretsmith,Fun!23
47,Brandon,CartwrightLi,11/9/28,Employee,30.95250000000138,5,true,brandoncartwrightli,Fun!23
810,Emily,Estes,2/14/20,Employee,9.519999999999413,5,false,emilyestes,Fun!23
746,Jared,Scott,12/2/92,Employee,4234.582500000001,8,true,jaredscott,Fun!23
869,Kenneth,House,2/28/65,Employee,196.14999999999924,3,false,kennethhouse,Fun!23
907,Anthony,Kramer,6/28/34,Employee,528.6375000000002,5,true,anthonykramer,Fun!23
888,Stephanie,Williams,1/2/70,Employee,111.17000000000081,6,false,stephaniewilliams,Fun!23
344,Brian,Hayes,7/19/60,Employee,4705.5,10,false,brianhayes,Fun!23
712,Teresa,Stewart,12/12/17,Employee,1600.7375,3,true,teresastewart,Fun!23
825,James,Simpson,5/17/51,Employee,434.83000000000015,7,false,jamessimpson,Fun!23
209,Shirley,Foster,12/7/56,Employee,589.0675000000006,5,true,shirleyfoster,Fun!23
1006,Elizabeth,Jackson,7/31/98,Employee,485.95999999999935,5,false,elizabethjackson,Fun!23
637,Crystal,Young,9/17/39,Employee,2841.6700000000005,3,false,crystalyoung,Fun!23
841,Victor,Anderson,9/29/82,Employee,1265.9000000000015,3,false,victoranderson,Fun!23
762,Sara,Fox,5/27/66,Employee,125.1049999999999,4,true,sarafox,Fun!23
698,Perry,Hill,11/22/84,Employee,286.9799999999999,4,false,perryhill,Fun!23
927,Ruth,Ponce,2/19/69,Employee,996.1524999999995,3,true,ruthponce,Fun!23
134,Daniel,Hampton,11/16/62,Employee,11.269999999999527,6,false,danielhampton,Fun!23
784,Keith,Christensen,8/20/96,Employee,443.7400000000007,6,false,keithchristensen,Fun!23
910,Kelly,Wilson,5/20/67,Employee,434.55750000000035,5,true,kellywilson,Fun!23
872,Joseph,Robinson,1/31/83,Employee,84.79000000000451,4,false,josephrobinson,Fun!23
783,Richard,Paul,11/22/40,Employee,64.85000000000059,4,false,richardpaul,Fun!23
379,Mary,Stevens,2/24/56,Employee,21.587499999999636,4,true,marystevens,Fun!23
261,Matthew,Erickson,11/23/07,Employee,149.58500000000004,3,true,matthewerickson,Fun!23
214,Susan,Alvarez,9/21/19,Employee,134.87250000000012,4,true,susanalvarez,Fun!23
194,Olivia,Romero,5/22/78,Employee,1651.4500000000012,2,false,oliviaromero,Fun!23
922,Gregory,Short,9/4/32,Employee,203.1150000000007,1,true,gregoryshort,Fun!23
352,Donald,Haynes,11/22/44,Employee,24.834999999999866,3,true,donaldhaynes,Fun!23
848,Amy,Parsons,1/23/87,Employee,338.5800000000007,9,false,amyparsons,Fun!23
395,Keith,Ellis,11/3/17,Employee,91.14999999999952,5,false,keithellis,Fun!23
348,Christina,Wheeler,8/27/13,Employee,284.0725,2,true,christinawheeler,Fun!23
120,Brittany,Hawkins,7/12/08,Employee,7532.029999999998,5,false,brittanyhawkins,Fun!23
83,Sonam,Tshering,4/9/56,Employee,440.89000000000044,7,false,sonamtshering,Fun!23
357,Elizabeth,Cordova,2/10/72,Employee,3086.115,7,true,elizabethcordova,Fun!23
474,Angela,Mcintyre,10/22/84,Employee,233.2425000000012,3,true,angelamcintyre,Fun!23
200,James,Nolan,7/31/02,Employee,412.6074999999996,4,true,jamesnolan,Fun!23
570,Misty,Jimenez,8/24/10,Employee,362.7300000000005,4,true,mistyjimenez,Fun!23
858,Kevin,Harrison,2/6/16,Employee,371.53000000000065,3,true,kevinharrison,Fun!23
863,Mark,Gonzalez,2/11/56,Employee,1748.0600000000002,6,true,markgonzalez,Fun!23
716,Joshua,Banks,1/3/04,Employee,358.9100000000001,2,false,joshuabanks,Fun!23
635,Beth,Sharp,9/3/57,Employee,1054.5499999999993,5,false,bethsharp,Fun!23
681,Linda,Rodriguez,6/7/94,Employee,476.77999999999975,5,false,lindarodriguez,Fun!23
341,Ricky,Thompson,7/28/52,Employee,1722.182499999999,3,true,rickythompson,Fun!23
521,Michael,Morton,10/31/05,Employee,223.59000000000015,5,false,michaelmorton,Fun!23
109,Chelsea,Gallagher,8/2/29,Employee,593.0124999999998,2,true,chelseagallagher,Fun!23
693,Travis,Burton,10/19/68,Employee,381.9,5,false,travisburton,Fun!23
438,Patrick,Larsen,4/21/02,Employee,79.48999999999978,3,false,patricklarsen,Fun!23
360,Amber,Brown,11/8/30,Employee,864.4399999999999,3,false,amberbrown,Fun!23
622,Natalie,Richardson,12/27/26,Employee,310.84500000000025,4,true,natalierichardson,Fun!23
824,Joseph,Fritz,7/26/65,Employee,365.2400000000007,4,false,josephfritz,Fun!23
621,Jared,Perry,6/21/89,Employee,6876.340000000002,2,false,jaredperry,Fun!23
883,Christina,Villanueva,6/16/02,Employee,4173.755000000001,3,true,christinavillanueva,Fun!23
741,Henry,Salazar,9/12/53,Employee,1468.6200000000008,4,false,henrysalazar,Fun!23
496,Darlene,Shaw,1/26/10,Employee,372.25999999999954,3,false,darleneshaw,Fun!23
201,Sharon,Miller,10/25/37,Employee,203.80999999999904,4,true,sharonmiller,Fun!23
504,Debra,Blackwell,12/22/74,Employee,227.07499999999993,3,true,debrablackwell,Fun!23
854,Nicholas,Smith,2/20/65,Employee,842.7399999999999,5,false,nicholassmith,Fun!23
731,John,Jones,3/17/31,Employee,178.6349999999993,5,true,johnjones,Fun!23
903,Christina,Carter,7/31/48,Employee,222.89000000000067,4,false,christinacarter,Fun!23
450,Gerald,Baker,4/4/20,Employee,379.39000000000146,4,true,geraldbaker,Fun!23
785,Patrick,Bennett,5/4/69,Employee,297.8299999999997,2,false,patrickbennett,Fun!23
594,Anthony,Brooks,7/26/15,Employee,310.9399999999997,5,false,anthonybrooks,Fun!23
454,Michelle,Sexton,3/5/57,Employee,3452.0950000000003,6,true,michellesexton,Fun!23
678,Jason,Lee,12/13/79,Employee,787.8125000000002,2,true,jasonlee,Fun!23
609,Amber,Nguyen,10/31/49,Employee,961.3399999999993,10,false,ambernguyen,Fun!23
354,Kenneth,Smith,9/25/02,Employee,25.81999999999971,6,true,kennethsmith,Fun!23
317,Brenda,Douglas,6/12/68,Employee,203.92000000000007,4,false,brendadouglas,Fun!23
282,Lauren,Hall,11/18/29,Employee,327.4950000000001,4,true,laurenhall,Fun!23
108,Theresa,Obrien,8/28/49,Employee,395.42999999999984,4,false,theresaobrien,Fun!23
65,Bella,Quintero,8/29/05,Employee,3152.4849999999997,2,true,bellaquintero,Fun!23
814,Brandi,Daniel,11/21/27,Employee,3596.97,4,false,brandidaniel,Fun!23
575,Danielle,Gardner,1/18/49,Employee,827.04,5,false,daniellegardner,Fun!23
391,Norman,Freeman,5/6/45,Employee,2930.229999999999,5,true,normanfreeman,Fun!23
178,Shannon,Holden,1/19/12,Employee,1815.6375000000007,5,true,shannonholden,Fun!23
488,Steven,Owens,6/28/13,Employee,126.50000000000091,3,false,stevenowens,Fun!23
191,James,Hammond,7/26/66,Employee,325.34000000000054,5,false,jameshammond,Fun!23
642,Krista,Lambert,6/7/67,Employee,14.062499999999318,8,true,kristalambert,Fun!23
175,Samuel,Harrington,10/15/29,Employee,2083.8599999999988,6,false,samuelharrington,Fun!23
417,Nicole,Johnson,7/29/69,Employee,2620.8699999999994,3,false,nicolejohnson,Fun!23
543,Amanda,Vang,11/19/89,Employee,877.42,3,false,amandavang,Fun!23
43,Akinyemi,Akinjayeju,5/21/18,Employee,3202.2299999999996,6,false,akinyemiakinjayeju,Fun!23
560,Jake,Mitchell,4/5/43,Employee,1512.0350000000003,3,true,jakemitchell,Fun!23
760,Tiffany,Jones,11/28/87,Employee,34.080000000000496,5,true,tiffanyjones,Fun!23
981,Mariah,Black,12/18/50,Employee,2829.094999999998,7,true,mariahblack,Fun!23
320,Brian,Jacobson,8/23/52,Employee,2049.03,7,false,brianjacobson,Fun!23
664,Scott,Dunn,9/18/76,Employee,4166.66,3,false,scottdunn,Fun!23
365,Peggy,Murphy,12/26/85,Employee,257.26999999999964,6,false,peggymurphy,Fun!23
211,Brian,Jensen,7/13/86,Employee,1291.9300000000017,9,false,brianjensen,Fun!23
405,Anita,Stein,10/27/42,Employee,134.57000000000016,2,false,anitastein,Fun!23
831,Michael,Prince,4/3/81,Employee,7852.840000000002,8,true,michaelprince,Fun!23
437,Samantha,Thomas,4/20/21,Employee,45.120000000000346,3,true,samanthathomas,Fun!23
879,Jennifer,Davidson,2/19/01,Employee,215.6899999999996,1,true,jenniferdavidson,Fun!23
41,Diana,Garcia,2/27/60,Employee,975.5699999999997,7,false,dianagarcia,Fun!23
115,Kirsten,Robinson,4/14/33,Employee,528.1249999999998,5,true,kirstenrobinson,Fun!23
69,Mayra,Robles,10/16/26,Employee,3090.127500000002,4,true,mayrarobles,Fun!23
534,Jenna,Chase,5/5/56,Employee,478.51999999999987,3,true,jennachase,Fun!23
162,Lauren,Neal,9/9/61,Employee,4068.079999999999,3,false,laurenneal,Fun!23
219,Cesar,Jones,3/15/94,Employee,63.72749999999962,4,true,cesarjones,Fun!23
204,Mark,Lozano,1/7/87,Employee,5208.77,3,true,marklozano,Fun!23
422,Doris,Moore,1/3/17,Employee,53.830000000001235,4,true,dorismoore,Fun!23
890,Jesse,Dunn,6/21/96,Employee,215.769999999999,8,true,jessedunn,Fun!23
396,Anthony,Sims,8/26/60,Employee,5441.66,2,false,anthonysims,Fun!23
769,Brandy,Wilkerson,4/24/56,Employee,299.9699999999996,5,true,brandywilkerson,Fun!23
590,Jeff,Ray,9/4/62,Employee,2106.4125000000004,3,true,jeffray,Fun!23
556,Brittany,Weaver,4/13/17,Employee,168.04249999999638,6,true,brittanyweaver,Fun!23
605,Antonio,Edwards,8/5/53,Employee,1112.67,2,false,antonioedwards,Fun!23
54,Omar,Hoang,10/10/39,Employee,155.2375000000011,5,true,omarhoang,Fun!23
97,Stephanie,Mcdonald,8/26/57,Employee,321.43499999999995,4,true,stephaniemcdonald,Fun!23
603,Brian,Gates,2/22/71,Employee,2172.5499999999993,5,false,briangates,Fun!23
679,Lisa,Miller,11/29/73,Employee,112.92749999999893,8,true,lisamiller,Fun!23
797,Erin,Mejia,5/1/04,Employee,222.6099999999991,6,false,erinmejia,Fun!23
50,Garab,Dorji,11/7/75,Employee,408.9550000000003,9,true,garabdorji,Fun!23
1018,James,Mitchell,12/24/88,Employee,4089.3925000000013,6,true,jamesmitchell,Fun!23
905,Melissa,Evans,7/4/41,Employee,211.85000000000036,5,true,melissaevans,Fun!23
885,Emily,Cole,3/31/92,Employee,121.9500000000005,8,false,emilycole,Fun!23
608,Linda,Robles,7/2/57,Employee,1061.8699999999994,5,false,lindarobles,Fun!23
792,Alyssa,Kelly,3/13/48,Employee,818.9099999999996,3,false,alyssakelly,Fun!23
269,Michelle,Jones,5/4/57,Employee,862.3775000000002,4,true,michellejones,Fun!23
830,Mark,Thompson,4/2/82,Employee,830.6700000000001,2,false,markthompson,Fun!23
812,Casey,Navarro,9/26/27,Employee,84.00999999999993,5,false,caseynavarro,Fun!23
207,Donna,Allen,1/11/94,Employee,1009.5900000000003,5,true,donnaallen,Fun!23
389,Joseph,Brooks,10/17/54,Employee,366.8599999999997,3,false,josephbrooks,Fun!23
198,Samantha,Howell,4/24/84,Employee,125.54500000000064,4,true,samanthahowell,Fun!23
224,Christian,Smith,4/26/07,Employee,647.5900000000001,4,false,christiansmith,Fun!23
588,Cynthia,Powell,12/30/43,Employee,4300.11,3,false,cynthiapowell,Fun!23
750,Rebecca,Fisher,10/5/54,Employee,717.7600000000001,4,false,rebeccafisher,Fun!23
677,Jason,Clark,2/11/10,Employee,293.6100000000003,5,true,jasonclark,Fun!23
893,Matthew,Mason,11/12/35,Employee,1395.0475000000006,4,true,matthewmason,Fun!23
589,Joseph,Macdonald,3/11/03,Employee,1659.3100000000006,4,false,josephmacdonald,Fun!23
173,Jill,Henderson,3/17/94,Employee,263.93500000000074,5,true,jillhenderson,Fun!23
192,Michelle,Maldonado,5/31/24,Employee,82.21000000000006,4,false,michellemaldonado,Fun!23
289,Nicole,Harvey,1/14/93,Employee,71.40250000000015,3,true,nicoleharvey,Fun!23
481,Michelle,Wood,3/9/06,Employee,589.3899999999999,8,false,michellewood,Fun!23
849,Philip,Holt,1/10/64,Employee,5807.799999999998,3,false,philipholt,Fun!23
482,Derek,Irwin,3/16/75,Employee,62.30499999999847,4,true,derekirwin,Fun!23
161,Susan,Hill,2/3/29,Employee,169.63999999999965,5,false,susanhill,Fun!23
923,Dana,Park,9/8/77,Employee,545.19,4,false,danapark,Fun!23
462,Kevin,Larson,11/3/10,Employee,4170.469999999999,8,false,kevinlarson,Fun!23
502,Louis,Boone,7/1/43,Employee,3704.8975000000014,6,true,louisboone,Fun!23
227,Roberto,Gutierrez,12/8/82,Employee,798.79,10,false,robertogutierrez,Fun!23
795,Mark,Stewart,12/8/58,Employee,1418.2999999999997,2,true,markstewart,Fun!23
86,Andrea,Villagomez,9/10/82,Employee,887.5650000000012,5,true,andreavillagomez,Fun!23
696,Andrew,Atkins,9/30/76,Employee,1.0500000000003524,7,false,andrewatkins,Fun!23
985,Luis,Solomon,4/16/80,Employee,89.49999999999955,4,true,luissolomon,Fun!23
1016,John,Sanders,5/5/94,Employee,222.20999999999992,3,false,johnsanders,Fun!23
722,Jorge,Haley,2/1/30,Employee,309.5099999999999,2,false,jorgehaley,Fun!23
653,James,Anderson,11/20/98,Employee,3898.95,3,true,jamesanderson,Fun!23
226,Ariana,Lara,4/2/67,Employee,37.39250000000055,3,true,arianalara,Fun!23
811,Melissa,Johnson,1/25/73,Employee,415.55999999999983,5,false,melissajohnson,Fun!23
1009,Courtney,Olsen,1/1/06,Employee,647.8699999999999,8,false,courtneyolsen,Fun!23
557,Rodney,Berg,11/9/80,Employee,593.1500000000015,3,false,rodneyberg,Fun!23
276,Allison,Chang,11/21/81,Employee,4874.105,4,true,allisonchang,Fun!23
1039,Kendra,Sawyer,4/21/49,Employee,425.0,4,false,kendrasawyer,Fun!23
80,Gabriela,SigalaAcosta,1/6/02,Employee,1105.2199999999998,5,false,gabrielasigalaacosta,Fun!23
865,Sherry,Mora,4/18/41,Employee,2413.91,5,false,sherrymora,Fun!23
374,Jeffrey,Gonzalez,9/28/44,Employee,70.55000000000018,7,false,jeffreygonzalez,Fun!23
334,Kevin,Scott,2/9/85,Employee,2930.1099999999988,10,false,kevinscott,Fun!23
503,Amy,Mcpherson,11/30/72,Employee,491.14250000000004,5,true,amymcpherson,Fun!23
623,Erika,Lopez,10/30/00,Employee,9.039999999999964,7,true,erikalopez,Fun!23
599,Darin,Baker,12/7/57,Employee,775.3100000000005,7,false,darinbaker,Fun!23
682,Kenneth,Davis,7/26/93,Employee,224.80999999999966,3,false,kennethdavis,Fun!23
156,Dylan,Harris,2/6/28,Employee,204.29000000000076,4,false,dylanharris,Fun!23
183,Kimberly,Richardson,9/21/30,Employee,1603.2624999999994,5,true,kimberlyrichardson,Fun!23
302,Lance,Dominguez,11/4/97,Employee,189.18999999999983,5,false,lancedominguez,Fun!23
765,William,Rice,1/20/53,Employee,780.5199999999986,5,false,williamrice,Fun!23
407,Ricardo,Rodriguez,3/8/59,Employee,2787.4349999999995,9,true,ricardorodriguez,Fun!23
184,Emily,Richardson,2/18/78,Employee,1877.1125000000004,8,true,emilyrichardson,Fun!23
573,Brandon,Dillon,8/4/25,Employee,766.0625,7,true,brandondillon,Fun!23
494,Matthew,Porter,2/2/60,Employee,7269.2375,4,true,matthewporter,Fun!23
909,Victoria,Ellis,10/21/11,Employee,3280.3100000000004,6,false,victoriaellis,Fun!23
321,Francisco,Moore,12/31/59,Employee,574.6299999999997,3,false,franciscomoore,Fun!23
649,Joanna,Knight,2/11/27,Employee,4160.049999999999,7,false,joannaknight,Fun!23
615,Vanessa,Watson,12/1/85,Employee,164.32500000000073,4,true,vanessawatson,Fun!23
547,Courtney,Tran,6/25/39,Employee,688.3824999999997,4,true,courtneytran,Fun!23
818,Andrew,Norris,1/29/90,Employee,2092.9700000000003,5,false,andrewnorris,Fun!23
549,Kathleen,Hines,12/16/00,Employee,1591.7500000000005,2,false,kathleenhines,Fun!23
164,Haley,Moss,5/8/02,Employee,730.7799999999997,5,false,haleymoss,Fun!23
131,Shane,Miller,3/3/66,Employee,85.2449999999995,6,true,shanemiller,Fun!23
239,Anna,Gutierrez,4/4/70,Employee,88.41000000000008,3,false,annagutierrez,Fun!23
366,Edward,Johnson,11/3/54,Employee,4772.905000000001,4,true,edwardjohnson,Fun!23
77,Ian,Rybak,7/28/09,Employee,102.88000000000017,4,false,ianrybak,Fun!23
445,Brandon,Smith,4/1/41,Employee,2051.1000000000004,2,false,brandonsmith,Fun!23
789,Teresa,Taylor,10/7/57,Employee,126.96999999999991,6,false,teresataylor,Fun!23
132,Kimberly,Kline,3/31/92,Employee,43.084999999999695,2,true,kimberlykline,Fun!23
98,Daniel,Olson,12/21/17,Employee,294.0924999999995,3,true,danielolson,Fun!23
351,Sarah,Mosley,6/28/71,Employee,2572.6650000000004,9,true,sarahmosley,Fun!23
273,Mark,Richards,4/28/87,Employee,849.7299999999994,7,false,markrichards,Fun!23
974,John,Hansen,10/25/45,Employee,2193.8899999999994,6,false,johnhansen,Fun!23
414,John,White,7/26/50,Employee,4037.0250000000005,7,true,johnwhite,Fun!23
66,Samuel,RamosSanchez,9/29/26,Employee,101.24250000000006,2,true,samuelramossanchez,Fun!23
511,Steven,Hernandez,6/21/27,Employee,1493.027500000001,5,true,stevenhernandez,Fun!23
90,Alex,Watson,9/14/49,Employee,9335.579999999998,8,true,alexwatson,Fun!23
37,Daniel,Mejia,2/22/84,Employee,674.7850000000008,8,true,danielmejia,Fun!23
1008,Laura,Williams,12/12/34,Employee,494.9900000000007,4,false,laurawilliams,Fun!23
948,Ronald,Martinez,1/12/99,Employee,365.1699999999996,7,false,ronaldmartinez,Fun!23
418,Adam,Bass,4/6/47,Employee,106.31500000000233,6,true,adambass,Fun!23
1010,Beth,Moss,5/30/32,Employee,1285.8674999999994,4,true,bethmoss,Fun!23
859,Karl,Davis,1/9/69,Employee,614.5025000000002,4,true,karldavis,Fun!23
835,Marcia,Snyder,4/29/93,Employee,707.8399999999983,3,false,marciasnyder,Fun!23
1024,Kristen,Martinez,9/9/96,Employee,43.6550000000002,5,true,kristenmartinez,Fun!23
464,Gary,Miller,2/17/96,Employee,539.079999999999,5,false,garymiller,Fun!23
1003,David,Johnson,5/12/05,Employee,1660.7449999999997,5,true,davidjohnson,Fun!23
167,Julie,Alexander,9/1/44,Employee,167.10999999999922,6,false,juliealexander,Fun!23
631,Derek,Lopez,3/21/10,Employee,1221.7125000000008,7,true,dereklopez,Fun!23
919,Steven,Miller,3/10/01,Employee,251.90000000000066,6,false,stevenmiller,Fun!23
752,Howard,Davenport,1/5/13,Employee,521.4875000000015,6,true,howarddavenport,Fun!23
956,Ryan,Washington,11/29/60,Employee,155.69499999999948,5,true,ryanwashington,Fun!23
587,James,Morgan,12/12/96,Employee,1287.159999999998,9,false,jamesmorgan,Fun!23
159,Michael,Moran,7/31/24,Employee,280.70750000000106,4,true,michaelmoran,Fun!23
242,James,Henderson,6/16/00,Employee,1149.8599999999997,7,false,jameshenderson,Fun!23
544,Angela,Walker,2/13/34,Employee,21.977500000001157,4,true,angelawalker,Fun!23
313,Jenny,Henry,3/20/84,Employee,1449.9399999999996,3,false,jennyhenry,Fun!23
710,Douglas,Hernandez,10/27/23,Employee,352.02000000000044,3,false,douglashernandez,Fun!23
472,Eric,Ramos,12/24/96,Employee,2437.54,4,false,ericramos,Fun!23
772,Alexis,Black,7/27/56,Employee,5513.514999999999,7,true,alexisblack,Fun!23
92,Brad,Patel,12/17/84,Employee,1405.3799999999994,5,false,bradpatel,Fun!23
743,Rodney,Mcneil,2/11/03,Employee,3527.1100000000006,10,false,rodneymcneil,Fun!23
255,Jessica,Martin,12/29/29,Employee,448.06749999999914,9,true,jessicamartin,Fun!23
602,Shannon,White,6/28/81,Employee,44.40249999999958,4,true,shannonwhite,Fun!23
845,Jacob,Norton,5/1/63,Employee,7683.115000000002,4,true,jacobnorton,Fun!23
347,Benjamin,Johnson,11/8/42,Employee,179.41999999999865,11,true,benjaminjohnson,Fun!23
123,James,King,4/8/22,Employee,313.8200000000006,4,false,jamesking,Fun!23
961,Ashley,Morales,7/29/53,Employee,391.42250000000087,4,true,ashleymorales,Fun!23
343,Jeffrey,Sloan,4/24/57,Employee,4605.8099999999995,4,false,jeffreysloan,Fun!23
449,Alexis,Shea,6/3/96,Employee,1016.3425000000022,9,true,alexisshea,Fun!23
632,Kayla,Smith,5/28/51,Employee,298.7449999999998,4,true,kaylasmith,Fun!23
654,Loretta,Phillips,6/21/14,Employee,2179.5,2,false,lorettaphillips,Fun!23
908,Carlos,Irwin,7/3/40,Employee,139.6624999999999,2,true,carlosirwin,Fun!23
699,Mary,Lee,1/30/87,Employee,238.38499999999996,5,true,marylee,Fun!23
99,Christopher,Contreras,6/5/42,Employee,792.9999999999994,7,true,christophercontreras,Fun!23
706,Gary,Smith,2/23/63,Employee,12.189999999999145,6,false,garysmith,Fun!23
796,Debra,Raymond,6/22/71,Employee,316.6999999999998,2,false,debraraymond,Fun!23
304,Gloria,Page,6/5/00,Employee,782.6099999999999,3,false,gloriapage,Fun!23
579,David,Costa,11/20/07,Employee,19.672500000000298,3,true,davidcosta,Fun!23
296,Jeffrey,Luna,3/30/16,Employee,886.2600000000002,4,false,jeffreyluna,Fun!23
692,John,Blevins,10/25/13,Employee,194.7249999999999,4,true,johnblevins,Fun!23
230,Shannon,Avery,10/28/39,Employee,206.75499999999994,2,true,shannonavery,Fun!23
610,Rick,Parrish,8/4/32,Employee,83.32749999999942,2,true,rickparrish,Fun!23
280,Mary,Church,1/31/53,Employee,1670.8825,5,true,marychurch,Fun!23
73,Jose Luis,Rojas,3/16/25,Employee,4733.942500000001,7,true,jose luisrojas,Fun!23
1019,Thomas,Stevenson,9/8/54,Employee,46.82750000000033,3,true,thomasstevenson,Fun!23
149,Nancy,Morgan,11/18/84,Employee,1689.5800000000004,4,false,nancymorgan,Fun!23
331,Jordan,Wilson,10/30/82,Employee,5265.870000000001,5,false,jordanwilson,Fun!23
155,Richard,Blackwell,6/9/36,Employee,1863.6999999999985,6,false,richardblackwell,Fun!23
928,Mary,Grant,2/1/39,Employee,903.93,2,true,marygrant,Fun!23
1005,Tammy,Thomas,9/4/38,Employee,532.19,5,false,tammythomas,Fun!23
821,Felicia,Carlson,10/3/48,Employee,356.1300000000008,4,true,feliciacarlson,Fun!23
210,Jeffrey,Delgado,2/13/99,Employee,44.5100000000005,4,false,jeffreydelgado,Fun!23
358,Christopher,Jones,1/21/66,Employee,86.84250000000065,7,true,christopherjones,Fun!23
1030,Vanessa,Carson,7/12/90,Employee,66.42000000000044,2,true,vanessacarson,Fun!23
157,Philip,Zamora,9/16/33,Employee,548.4599999999998,3,true,philipzamora,Fun!23
805,Michelle,Maynard,8/29/33,Employee,380.57999999999936,3,false,michellemaynard,Fun!23
787,Tracy,Fitzgerald,12/2/43,Employee,159.7975000000002,6,true,tracyfitzgerald,Fun!23
154,Stephanie,Harris,12/3/51,Employee,7835.23,4,false,stephanieharris,Fun!23
399,Scott,Rose,3/18/20,Employee,968.26,4,false,scottrose,Fun!23
661,Steven,Hartman,6/19/11,Employee,14.91000000000031,6,true,stevenhartman,Fun!23
177,James,Pittman,9/23/19,Employee,505.65999999999946,4,true,jamespittman,Fun!23
433,Rita,Owens,10/31/88,Employee,3120.7275,3,true,ritaowens,Fun!23
973,Terrence,Dixon,9/9/01,Employee,124.17000000000053,5,false,terrencedixon,Fun!23
1011,Charles,Chambers,7/15/46,Employee,1099.5100000000004,3,false,charleschambers,Fun!23
275,Robert,Davis,8/25/63,Employee,51.74999999999926,10,true,robertdavis,Fun!23
95,Brittany,Andrews,2/2/94,Employee,73.99249999999961,4,true,brittanyandrews,Fun!23
626,Heather,Cunningham,6/13/82,Employee,1638.707499999999,5,true,heathercunningham,Fun!23
346,Caroline,Torres,12/28/86,Employee,522.23,6,false,carolinetorres,Fun!23
697,Jeffrey,Best,3/8/15,Employee,361.9749999999998,5,true,jeffreybest,Fun!23
68,Emilia,Rivas,11/24/87,Employee,984.4299999999998,4,false,emiliarivas,Fun!23
142,Sean,Medina,9/4/16,Employee,919.3924999999999,3,true,seanmedina,Fun!23
325,Cheryl,Wilson,4/4/98,Employee,3359.5275,7,true,cherylwilson,Fun!23
439,Emily,Brady,5/25/07,Employee,2474.83,7,false,emilybrady,Fun!23
1037,Cory,Byrd,1/12/98,Employee,62.48749999999961,4,true,corybyrd,Fun!23
390,Anthony,Hardin,2/18/75,Employee,942.9700000000003,2,false,anthonyhardin,Fun!23
562,Joel,Welch,6/22/07,Employee,48.587499999999636,2,true,joelwelch,Fun!23
409,Kayla,Mahoney,8/25/26,Employee,273.6199999999999,3,false,kaylamahoney,Fun!23
572,Robert,Leblanc,5/20/25,Employee,1689.1050000000014,4,true,robertleblanc,Fun!23
539,Lisa,Robinson,9/8/43,Employee,744.7225000000003,3,true,lisarobinson,Fun!23
652,Melissa,Mcdonald,3/8/16,Employee,662.7400000000007,3,false,melissamcdonald,Fun!23
1014,Austin,Lewis,1/8/81,Employee,110.50000000000114,9,false,austinlewis,Fun!23
963,Christopher,Berry,6/29/13,Employee,2859.909999999999,8,false,christopherberry,Fun!23
288,Dustin,Oliver,5/1/18,Employee,322.0675,7,true,dustinoliver,Fun!23
499,Jessica,Frye,4/1/69,Employee,10.709999999999752,2,false,jessicafrye,Fun!23
292,Mary,Cruz,6/22/23,Employee,746.9350000000003,2,true,marycruz,Fun!23
55,Ian,Islas,3/22/81,Employee,1591.417500000002,4,true,ianislas,Fun!23
448,Jennifer,Copeland,6/26/56,Employee,458.9074999999998,3,true,jennifercopeland,Fun!23
732,Allison,Weaver,10/26/90,Employee,5034.614999999998,4,true,allisonweaver,Fun!23
648,Holly,Schneider,8/23/49,Employee,6116.5375,4,true,hollyschneider,Fun!23
959,Alexandra,Cook,9/19/55,Employee,458.65999999999985,3,false,alexandracook,Fun!23
700,Julia,Young,6/28/28,Employee,1027.9200000000005,4,false,juliayoung,Fun!23
500,Bruce,Clark,5/11/17,Employee,3947.7499999999995,6,false,bruceclark,Fun!23
707,Thomas,Sanders,4/21/46,Employee,474.50000000000034,5,false,thomassanders,Fun!23
628,Sherri,Armstrong,12/6/21,Employee,330.89499999999975,4,true,sherriarmstrong,Fun!23
585,Sheri,Adams,8/20/00,Employee,585.1400000000001,5,false,sheriadams,Fun!23
235,Samantha,May,4/3/60,Employee,200.4625000000007,8,true,samanthamay,Fun!23
236,Joseph,Lewis,1/14/06,Employee,32.1875,5,true,josephlewis,Fun!23
139,Thomas,Clark,10/2/77,Employee,1690.3099999999995,11,false,thomasclark,Fun!23
902,Penny,Mcdaniel,8/17/71,Employee,63.88000000000142,7,false,pennymcdaniel,Fun!23
469,Theresa,Hardy,2/19/93,Employee,1836.3325000000004,4,true,theresahardy,Fun!23
853,Michael,Clarke,5/14/42,Employee,146.76750000000027,7,true,michaelclarke,Fun!23
361,Antonio,Brooks,5/25/16,Employee,2476.619999999999,5,false,antoniobrooks,Fun!23
639,Donald,Tran,9/21/41,Employee,251.4399999999996,3,false,donaldtran,Fun!23
274,Shannon,Bennett,3/18/13,Employee,128.90000000000038,4,true,shannonbennett,Fun!23
763,Jeremy,Foster,5/15/69,Employee,2175.325,4,true,jeremyfoster,Fun!23
179,Renee,Zimmerman,9/4/91,Employee,32.12000000000103,6,false,reneezimmerman,Fun!23
223,Kelly,Yu,3/9/20,Employee,984.8900000000007,7,false,kellyyu,Fun!23
866,Jody,Sanchez,8/11/57,Employee,26.715000000000146,1,true,jodysanchez,Fun!23
895,Justin,Hawkins,3/21/24,Employee,35.58750000000066,5,true,justinhawkins,Fun!23
988,Carmen,Petersen,6/7/85,Employee,641.9374999999998,3,true,carmenpetersen,Fun!23
519,Christopher,Sanford,3/21/79,Employee,36.462500000000205,4,true,christophersanford,Fun!23
295,Susan,Davis,10/5/12,Employee,50.63000000000102,1,true,susandavis,Fun!23
781,Michelle,Rivera,11/20/34,Employee,1912.8900000000003,4,true,michellerivera,Fun!23
647,Rose,Burgess,11/9/42,Employee,789.255000000001,2,true,roseburgess,Fun!23
820,Ann,Rogers,2/11/29,Employee,332.63999999999874,5,false,annrogers,Fun!23
455,Kayla,Morgan,12/29/46,Employee,208.25499999999965,8,true,kaylamorgan,Fun!23
563,Diana,Matthews,2/23/81,Employee,775.1599999999962,6,false,dianamatthews,Fun!23
672,Jennifer,Schultz,7/10/55,Employee,1625.92,5,false,jenniferschultz,Fun!23
231,Joanna,Trevino,2/5/88,Employee,63.217500000000314,7,true,joannatrevino,Fun!23
756,Megan,Smith,11/28/32,Employee,176.59000000000037,4,false,megansmith,Fun!23
558,Heidi,Page,6/1/02,Employee,1394.1724999999997,6,true,heidipage,Fun!23
518,Jamie,Conner,9/5/14,Employee,800.4300000000003,3,false,jamieconner,Fun!23
264,James,Romero,9/26/28,Employee,65.77000000000089,6,false,jamesromero,Fun!23
755,Jeffrey,Rodriguez,11/30/56,Employee,2472.9575,5,true,jeffreyrodriguez,Fun!23
808,Tanya,Johnson,2/7/49,Employee,365.42750000000024,6,true,tanyajohnson,Fun!23
832,Craig,Fleming,3/3/09,Employee,52.91249999999991,5,true,craigfleming,Fun!23
220,Kathryn,Perez,2/13/51,Employee,404.55999999999995,5,true,kathrynperez,Fun!23
889,Jorge,Huerta,2/13/46,Employee,436.5250000000002,5,true,jorgehuerta,Fun!23
324,Michelle,Ortiz,12/13/86,Employee,38.919999999999845,6,false,michelleortiz,Fun!23
300,Ryan,Mcconnell,6/28/18,Employee,1724.654999999999,4,true,ryanmcconnell,Fun!23
113,Renee,Bradley,12/30/22,Employee,1216.77,2,false,reneebradley,Fun!23
314,Matthew,Campbell,7/18/92,Employee,55.47999999999956,3,false,matthewcampbell,Fun!23
535,Michelle,Pruitt,5/18/03,Employee,121.11999999999989,3,false,michellepruitt,Fun!23
704,Christopher,Davis,3/21/96,Employee,5686.57,4,false,christopherdavis,Fun!23
509,Tami,Weaver,6/7/27,Employee,499.32000000000016,2,false,tamiweaver,Fun!23
203,Ethan,Holmes,12/4/10,Employee,739.9900000000002,3,false,ethanholmes,Fun!23
933,Kimberly,Miller,11/24/30,Employee,3084.7199999999993,6,false,kimberlymiller,Fun!23
305,Jasmine,Ramirez,4/30/39,Employee,77.36749999999967,2,true,jasmineramirez,Fun!23
476,Terri,Strickland,1/9/83,Employee,267.40749999999963,5,true,terristrickland,Fun!23
995,Diana,Rivera,6/5/47,Employee,3589.3599999999997,4,true,dianarivera,Fun!23
229,Brittany,Ray,4/10/13,Employee,632.8999999999992,5,false,brittanyray,Fun!23
842,Dana,Miller,2/27/13,Employee,884.1999999999998,6,true,danamiller,Fun!23
126,Megan,Noble,12/27/50,Employee,26.340000000000487,6,false,megannoble,Fun!23
466,George,Wood,4/17/01,Employee,8.579999999999472,5,false,georgewood,Fun!23
116,Douglas,Rodriguez,3/27/38,Employee,2542.3399999999992,5,false,douglasrodriguez,Fun!23
522,Noah,Horne,1/21/80,Employee,2.854999999999393,4,true,noahhorne,Fun!23
371,Angel,Joseph,3/20/90,Employee,2991.8774999999996,2,true,angeljoseph,Fun!23
943,Paul,Herman,10/27/03,Employee,363.4899999999998,8,false,paulherman,Fun!23
533,Dennis,Reynolds,8/13/25,Employee,138.2199999999999,5,true,dennisreynolds,Fun!23
920,Donald,Villanueva,9/1/52,Employee,294.6899999999999,6,false,donaldvillanueva,Fun!23
878,Kenneth,Boyd,9/16/12,Employee,965.7850000000001,3,true,kennethboyd,Fun!23
145,Richard,Torres,5/15/49,Employee,175.41749999999993,4,true,richardtorres,Fun!23
874,Sonia,Durham,9/12/79,Employee,3172.6875000000005,3,true,soniadurham,Fun!23
1034,Taylor,Johnson,6/29/52,Employee,146.77500000000106,5,true,taylorjohnson,Fun!23
552,Kelly,Harris,11/25/50,Employee,1495.1399999999999,3,true,kellyharris,Fun!23
837,Cynthia,Ellis,6/22/31,Employee,1105.4499999999998,2,false,cynthiaellis,Fun!23
761,Catherine,Mann,3/12/37,Employee,205.24499999999972,2,true,catherinemann,Fun!23
817,Jennifer,Jones,3/20/53,Employee,226.73000000000002,8,false,jenniferjones,Fun!23
38,Ashley,Gilmore,2/3/72,Employee,5198.914999999999,8,true,ashleygilmore,Fun!23
618,Janet,Hughes,9/15/96,Employee,467.58000000000004,3,true,janethughes,Fun!23
400,Jessica,Fernandez,7/30/54,Employee,4375.599999999999,6,true,jessicafernandez,Fun!23
100,David,Brown,10/26/93,Employee,2884.29,1,true,davidbrown,Fun!23
882,Tyrone,Alvarado,3/25/25,Employee,47.49999999999977,4,false,tyronealvarado,Fun!23
253,Barbara,Robertson,5/29/53,Employee,117.61250000000027,3,true,barbararobertson,Fun!23
453,Ray,Booth,9/23/79,Employee,1556.219999999999,6,false,raybooth,Fun!23
160,Jason,Burke,12/19/14,Employee,574.8775000000007,7,true,jasonburke,Fun!23
726,Jennifer,Guzman,6/13/02,Employee,1189.4425,3,true,jenniferguzman,Fun!23
373,Rhonda,Kane,3/12/68,Employee,112.78000000000353,9,true,rhondakane,Fun!23
935,Phillip,Richardson,3/12/36,Employee,356.64999999999986,3,true,philliprichardson,Fun!23
392,Devin,Diaz,4/4/53,Employee,262.3999999999999,4,true,devindiaz,Fun!23
402,Ruben,Edwards,2/4/21,Employee,5514.580000000001,4,false,rubenedwards,Fun!23
420,Justin,Martinez,1/10/39,Employee,164.98000000000002,6,false,justinmartinez,Fun!23
291,Kristy,Hoover,4/1/59,Employee,366.90000000000055,5,false,kristyhoover,Fun!23
990,Timothy,Greene,7/31/22,Employee,1037.2400000000002,6,false,timothygreene,Fun!23
356,William,Wolf,1/23/20,Employee,317.27999999999975,7,false,williamwolf,Fun!23
470,Barbara,Jones,7/14/66,Employee,101.08750000000191,4,true,barbarajones,Fun!23
960,Miranda,Walker,12/26/96,Employee,289.66999999999973,3,false,mirandawalker,Fun!23
581,Cassandra,Cook,6/27/12,Employee,147.51000000000022,7,true,cassandracook,Fun!23
372,Daniel,Foster,6/2/05,Employee,552.9700000000001,8,true,danielfoster,Fun!23
638,Allen,Arnold,2/8/71,Employee,7255.1399999999985,4,false,allenarnold,Fun!23
250,Alejandra,Morris,10/3/13,Employee,962.8399999999992,4,false,alejandramorris,Fun!23
216,Virginia,Phelps,11/13/68,Employee,19.49999999999983,9,false,virginiaphelps,Fun!23
48,Jasmin,Cuevas,7/14/33,Employee,854.6299999999997,7,false,jasmincuevas,Fun!23
79,Michael,Santoyo,4/28/47,Employee,4406.662499999999,6,true,michaelsantoyo,Fun!23
359,Robert,Wilson,8/6/30,Employee,2765.2299999999996,5,false,robertwilson,Fun!23
898,David,Clark,9/9/48,Employee,109.16499999999994,5,true,davidclark,Fun!23
828,Jessica,Lloyd,4/25/31,Employee,295.0025000000019,4,true,jessicalloyd,Fun!23
197,Nicole,Rowland,2/19/84,Employee,57.40749999999798,8,true,nicolerowland,Fun!23
485,Samantha,Cooper,11/20/32,Employee,2187.62,3,false,samanthacooper,Fun!23
968,Krista,Beck,6/29/55,Employee,654.1899999999991,5,false,kristabeck,Fun!23
286,Chris,King,5/20/61,Employee,354.93999999999954,4,false,chrisking,Fun!23
1000,Lori,Livingston,8/6/92,Employee,817.6475000000003,7,true,lorilivingston,Fun!23
256,Brooke,Padilla,9/24/40,Employee,142.10000000000036,3,true,brookepadilla,Fun!23
978,Samuel,Burton,6/19/45,Employee,490.4300000000009,5,true,samuelburton,Fun!23
921,Gary,Mckenzie,9/3/16,Employee,1826.34,5,false,garymckenzie,Fun!23
545,Kylie,Summers,5/27/40,Employee,120.30250000000007,5,true,kyliesummers,Fun!23
536,Sherri,Velasquez,3/7/37,Employee,3675.55,6,false,sherrivelasquez,Fun!23
616,Jerry,Smith,6/21/07,Employee,256.99250000000063,3,true,jerrysmith,Fun!23
1021,Mark,Butler,1/12/18,Employee,4555.22,6,false,markbutler,Fun!23
78,Luis,Sanchez,12/4/48,Employee,389.8024999999998,4,true,luissanchez,Fun!23
340,Ronald,Kent,7/26/35,Employee,596.3499999999998,7,false,ronaldkent,Fun!23
316,Jonathan,Christian,1/11/35,Employee,547.7299999999996,3,false,jonathanchristian,Fun!23
980,Marissa,Henry,7/29/98,Employee,1130.4599999999996,3,false,marissahenry,Fun!23
124,Pamela,Carter,12/30/94,Employee,310.9749999999997,3,true,pamelacarter,Fun!23
262,Leroy,Walters,9/30/99,Employee,4542.915,6,true,leroywalters,Fun!23
657,Stephanie,Kirby,9/4/90,Employee,3156.7225,8,true,stephaniekirby,Fun!23
181,Michael,Smith,6/27/14,Employee,805.6949999999985,6,true,michaelsmith,Fun!23
873,Mindy,Ross,12/6/59,Employee,16.984999999999573,2,true,mindyross,Fun!23
426,Mark,Lamb,4/28/57,Employee,36.48499999999922,5,true,marklamb,Fun!23
718,Victor,Harris,5/20/26,Employee,3569.427499999999,5,true,victorharris,Fun!23
724,Kelly,Jordan,1/4/24,Employee,187.29999999999905,2,true,kellyjordan,Fun!23
901,Emily,Chang,12/10/64,Employee,718.935,3,true,emilychang,Fun!23
999,Kimberly,Mejia,9/19/54,Employee,109.05000000000007,3,true,kimberlymejia,Fun!23
666,Gabriel,Sanders,6/11/76,Employee,483.1724999999997,5,true,gabrielsanders,Fun!23
185,Michael,White,12/21/72,Employee,223.97000000000048,9,true,michaelwhite,Fun!23
101,Patrick,Henderson,2/13/84,Employee,3695.1499999999996,7,false,patrickhenderson,Fun!23
364,Christopher,Dominguez,8/17/31,Employee,56.94500000000062,4,true,christopherdominguez,Fun!23
775,Lori,Johnson,10/21/61,Employee,2475.7100000000005,6,false,lorijohnson,Fun!23
85,Francisco,Vazquez,4/13/29,Employee,2289.829999999998,8,false,franciscovazquez,Fun!23
140,Ashley,Romero,5/4/24,Employee,45.98749999999933,3,true,ashleyromero,Fun!23
129,Kyle,Hodges,12/8/73,Employee,42.5799999999997,3,false,kylehodges,Fun!23
153,Marissa,Wagner,5/17/89,Employee,42.76249999999982,4,true,marissawagner,Fun!23
461,Anthony,Dalton,3/28/66,Employee,81.00000000000028,7,true,anthonydalton,Fun!23
208,Amanda,Miller,4/6/98,Employee,1324.7600000000007,6,true,amandamiller,Fun!23
166,Craig,Espinoza,11/2/82,Employee,205.86000000000007,6,false,craigespinoza,Fun!23
740,Jerry,Gamble,7/22/41,Employee,1775.5300000000009,5,false,jerrygamble,Fun!23
582,Dana,Jones,7/26/88,Employee,2582.6999999999994,4,false,danajones,Fun!23
349,Valerie,Moore,12/31/00,Employee,8.509999999999309,3,false,valeriemoore,Fun!23
246,Jeffrey,Marquez,2/23/28,Employee,4.522500000001315,8,true,jeffreymarquez,Fun!23
339,Courtney,Johnson,4/14/74,Employee,689.2999999999993,2,false,courtneyjohnson,Fun!23
644,Mark,Rogers,10/26/71,Employee,2824.0125,5,true,markrogers,Fun!23
601,David,Harvey,6/15/43,Employee,287.0200000000001,5,false,davidharvey,Fun!23
976,Donald,Ramirez,10/14/51,Employee,143.18,4,false,donaldramirez,Fun!23
586,Heather,Little,7/29/85,Employee,298.1075000000003,4,true,heatherlittle,Fun!23
171,Linda,Bennett,12/24/34,Employee,344.52000000000004,3,false,lindabennett,Fun!23
492,Joe,Cochran,4/20/77,Employee,140.14,3,true,joecochran,Fun!23
816,Alicia,Moran,6/5/21,Employee,194.08000000000084,8,true,aliciamoran,Fun!23
308,Laura,Smith,6/17/27,Employee,48.125000000000796,3,true,laurasmith,Fun!23
377,Lisa,Stafford,4/3/18,Employee,10.5199999999993,4,false,lisastafford,Fun!23
709,Thomas,Hall,5/11/25,Employee,47.80000000000064,6,false,thomashall,Fun!23
421,Anthony,Hunter,9/29/76,Employee,2092.009999999999,4,false,anthonyhunter,Fun!23
258,Robert,Wu,5/25/32,Employee,871.5599999999995,4,false,robertwu,Fun!23
850,Alison,Hicks,9/2/40,Employee,321.2999999999993,4,true,alisonhicks,Fun!23
900,Andre,Ramos,5/29/25,Employee,268.65999999999985,4,false,andreramos,Fun!23
809,Megan,Thompson,6/15/45,Employee,23.61999999999938,4,false,meganthompson,Fun!23
254,David,Wright,2/27/69,Employee,127.31000000000023,2,false,davidwright,Fun!23
257,Susan,Humphrey,2/16/23,Employee,787.9500000000007,3,false,susanhumphrey,Fun!23
62,Enrique,Munoz,9/7/29,Employee,1896.5250000000003,4,true,enriquemunoz,Fun!23
330,Crystal,Johnson,2/16/74,Employee,361.3999999999999,3,true,crystaljohnson,Fun!23
949,Daniel,Summers,3/8/29,Employee,6354.402499999998,5,true,danielsummers,Fun!23
600,Jennifer,Smith,12/15/56,Employee,519.6699999999997,4,true,jennifersmith,Fun!23
822,Chad,Green,12/28/26,Employee,513.4700000000003,4,false,chadgreen,Fun!23
202,Andrew,Parks,9/18/36,Employee,2087.25,5,false,andrewparks,Fun!23
987,Stacy,Maldonado,4/30/55,Employee,462.2424999999995,7,true,stacymaldonado,Fun!23
322,Kathleen,Small,11/23/39,Employee,382.95000000000107,3,false,kathleensmall,Fun!23
133,Hannah,Arias,6/11/85,Employee,65.92999999999975,2,false,hannaharias,Fun!23
406,Sean,Hull,8/31/08,Employee,1631.6549999999995,6,true,seanhull,Fun!23
550,Ryan,Sullivan,9/24/54,Employee,951.3374999999999,7,true,ryansullivan,Fun!23
370,Natasha,Wheeler,5/26/73,Employee,2554.7599999999993,5,false,natashawheeler,Fun!23
411,Terri,Mendez,11/19/49,Employee,2373.0800000000004,5,false,terrimendez,Fun!23
614,Michael,King,12/12/48,Employee,85.49250000000092,7,true,michaelking,Fun!23
965,James,Simmons,7/1/55,Employee,673.8349999999999,4,true,jamessimmons,Fun!23
546,Brandy,Valenzuela,9/26/59,Employee,989.0100000000009,6,false,brandyvalenzuela,Fun!23
802,Michelle,Oliver,11/12/85,Employee,297.4349999999998,5,true,michelleoliver,Fun!23
565,Ricky,Gardner,1/25/00,Employee,893.0399999999995,4,false,rickygardner,Fun!23
691,Christine,Ellis,2/8/64,Employee,385.6499999999992,6,false,christineellis,Fun!23
413,Zachary,Tran,5/13/96,Employee,1433.714999999999,7,true,zacharytran,Fun!23
994,Robert,Kennedy,4/16/99,Employee,134.98750000000075,3,true,robertkennedy,Fun!23
87,Alberto,Villegas,12/6/20,Employee,46.640000000000214,4,false,albertovillegas,Fun!23
70,Brian,RodilesDelgado,9/13/32,Employee,1011.8450000000003,4,true,brianrodilesdelgado,Fun!23
576,Bradley,Bell,11/19/32,Employee,468.4399999999998,3,false,bradleybell,Fun!23
595,Anthony,Barber,9/8/91,Employee,137.96499999999997,5,true,anthonybarber,Fun!23
862,Brandon,Miller,9/16/45,Employee,435.9999999999999,2,false,brandonmiller,Fun!23
942,Sharon,Castillo,5/14/91,Employee,215.95999999999987,4,false,sharoncastillo,Fun!23
1015,Patricia,Hughes,2/27/03,Employee,3105.8,5,false,patriciahughes,Fun!23
1026,Timothy,Wagner,6/5/17,Employee,4375.5175,4,true,timothywagner,Fun!23
483,Brandi,Gordon,5/11/46,Employee,60.87000000000057,5,false,brandigordon,Fun!23
199,Jerry,Lee,6/2/74,Employee,1003.4600000000003,4,true,jerrylee,Fun!23
951,Katherine,Mcdonald,6/22/03,Employee,4283.182499999999,4,true,katherinemcdonald,Fun!23
551,Kimberly,Johnson,5/26/34,Employee,63.73000000000013,9,false,kimberlyjohnson,Fun!23
645,Jessica,Ramirez,1/3/34,Employee,147.53999999999974,6,false,jessicaramirez,Fun!23
759,Jennifer,Carr,7/1/50,Employee,979.3300000000004,3,false,jennifercarr,Fun!23
428,Krista,Blake,1/20/58,Employee,1303.525000000001,10,true,kristablake,Fun!23
655,Gina,Swanson,7/6/69,Employee,559.7600000000004,4,false,ginaswanson,Fun!23
964,Roger,Casey,5/1/90,Employee,2942.350000000002,5,false,rogercasey,Fun!23
63,Alejandro,Olivas,12/12/90,Employee,826.3000000000003,4,false,alejandroolivas,Fun!23
238,Jesse,Montgomery,2/7/46,Employee,514.5400000000005,5,false,jessemontgomery,Fun!23
182,Nathan,Coleman,2/16/38,Employee,727.8275000000002,4,true,nathancoleman,Fun!23
507,Hannah,Maldonado,5/25/10,Employee,1311.62,5,false,hannahmaldonado,Fun!23
298,Maria,Mitchell,3/6/11,Employee,36.22500000000031,3,true,mariamitchell,Fun!23
813,Shawn,Lee,12/28/19,Employee,472.59249999999884,5,true,shawnlee,Fun!23
997,Jamie,Brown,4/21/55,Employee,5532.16,6,false,jamiebrown,Fun!23
451,Tara,Rodriguez,1/11/88,Employee,2493.1299999999997,4,true,tararodriguez,Fun!23
675,Alyssa,Poole,4/19/08,Employee,1291.250000000001,5,false,alyssapoole,Fun!23
931,Tyler,Evans,9/12/01,Employee,206.56750000000034,4,true,tylerevans,Fun!23
911,Brendan,Phillips,8/31/29,Employee,70.09,3,false,brendanphillips,Fun!23
299,Stephen,Villegas,2/1/88,Employee,854.6574999999999,3,true,stephenvillegas,Fun!23
860,Lisa,Peters,3/25/06,Employee,445.94999999999993,6,false,lisapeters,Fun!23
768,Jennifer,Evans,2/25/34,Employee,551.1900000000005,3,true,jenniferevans,Fun!23
897,Barbara,Love,4/9/02,Employee,1287.3999999999999,4,false,barbaralove,Fun!23
318,Rachel,Phillips,4/16/91,Employee,332.3199999999996,12,false,rachelphillips,Fun!23
658,Teresa,Gardner,6/19/46,Employee,262.97999999999934,6,true,teresagardner,Fun!23
487,Michael,Fox,11/19/83,Employee,804.9499999999998,2,false,michaelfox,Fun!23
1020,Tonya,Elliott,11/2/73,Employee,927.474999999999,5,true,tonyaelliott,Fun!23
107,Michael,Sanchez,4/23/51,Employee,857.715000000001,6,true,michaelsanchez,Fun!23
270,Angelica,Bruce,4/17/72,Employee,111.77250000000015,5,true,angelicabruce,Fun!23
663,Christopher,Robinson,2/3/44,Employee,3980.670000000001,9,false,christopherrobinson,Fun!23
688,Ann,Miller,12/30/07,Employee,331.5450000000004,5,true,annmiller,Fun!23
528,Nancy,Robles,9/3/04,Employee,562.9725000000019,7,true,nancyrobles,Fun!23
826,Ernest,Bentley,3/24/77,Employee,138.54500000000098,3,true,ernestbentley,Fun!23
662,Derek,Macias,7/11/26,Employee,2150.052500000001,5,true,derekmacias,Fun!23
196,Kim,Buckley,9/16/61,Employee,404.1975000000002,3,true,kimbuckley,Fun!23
727,Nathan,Thompson,7/17/47,Employee,373.6775,8,true,nathanthompson,Fun!23
776,Bryan,Fields,1/23/72,Employee,110.47000000000031,4,false,bryanfields,Fun!23
188,Keith,Ortiz,8/23/19,Employee,2246.460000000001,4,false,keithortiz,Fun!23
967,Andrea,Riley,1/4/42,Employee,572.355,2,true,andreariley,Fun!23
121,Beverly,Johnson,8/27/86,Employee,4651.860000000001,6,false,beverlyjohnson,Fun!23
954,Jennifer,Hernandez,12/24/88,Employee,1607.7275000000009,5,true,jenniferhernandez,Fun!23
486,Kevin,Gould,3/8/40,Employee,47.30999999999983,2,true,kevingould,Fun!23
947,Ashley,Frye,2/21/37,Employee,341.5299999999995,4,false,ashleyfrye,Fun!23
495,Angel,Barber,12/5/08,Employee,1872.0825000000004,4,true,angelbarber,Fun!23
307,Elizabeth,Kim,6/2/95,Employee,59.48999999999978,7,false,elizabethkim,Fun!23
244,Erik,Case,10/16/05,Employee,678.6299999999993,7,false,erikcase,Fun!23
877,Curtis,Phillips,10/9/80,Employee,82.67749999999933,7,true,curtisphillips,Fun!23
440,April,Turner,6/14/89,Employee,229.7975000000011,4,true,aprilturner,Fun!23
953,Darrell,Jones,9/4/65,Employee,4347.91,3,false,darrelljones,Fun!23
651,Elizabeth,Reyes,11/4/37,Employee,7195.7625,2,true,elizabethreyes,Fun!23
221,Lisa,Garrett,12/22/41,Employee,2012.1400000000003,4,false,lisagarrett,Fun!23
531,Grace,Kelley,6/24/42,Employee,47.96750000000094,5,true,gracekelley,Fun!23
876,Carolyn,Dunn,12/24/84,Employee,130.55749999999995,4,true,carolyndunn,Fun!23
529,Kaylee,Hale,9/27/36,Employee,496.6900000000005,4,true,kayleehale,Fun!23
957,Robert,Flores,7/29/88,Employee,381.7299999999995,3,false,robertflores,Fun!23
119,Sean,Roberts,12/14/47,Employee,3085.9800000000005,4,false,seanroberts,Fun!23
665,Lawrence,Henry,9/13/84,Employee,176.30000000000183,4,false,lawrencehenry,Fun!23
708,John,Davis,5/3/61,Employee,1099.220000000001,4,false,johndavis,Fun!23
944,Amber,Conley,12/7/05,Employee,933.9300000000022,7,false,amberconley,Fun!23
88,Geoff,Waller,7/29/31,Employee,292.54499999999996,4,true,geoffwaller,Fun!23
660,Anthony,Moore,10/16/17,Employee,210.66999999999916,5,false,anthonymoore,Fun!23
629,Jacob,Contreras,9/30/01,Employee,70.99749999999972,8,true,jacobcontreras,Fun!23
839,Juan,Brock,5/4/08,Employee,2684.8700000000003,2,false,juanbrock,Fun!23
493,Michael,Robinson,3/4/61,Employee,7010.73,3,false,michaelrobinson,Fun!23
711,Miranda,Mason,6/25/51,Employee,303.7499999999994,5,false,mirandamason,Fun!23
593,Alyssa,Smith,3/1/67,Employee,135.82000000000187,3,false,alyssasmith,Fun!23
713,Anthony,Adams,10/25/73,Employee,758.76,3,false,anthonyadams,Fun!23
432,Becky,Gray,10/27/76,Employee,4313.387499999999,4,true,beckygray,Fun!23
880,Brett,Higgins,5/22/04,Employee,6.197499999998627,4,true,bretthiggins,Fun!23
969,Amy,Fuller,3/16/41,Employee,149.91750000000002,7,true,amyfuller,Fun!23
457,Trevor,Young,7/25/55,Employee,34.26999999999953,6,true,trevoryoung,Fun!23
591,Michelle,Ramirez,4/16/61,Employee,1264.355,7,true,michelleramirez,Fun!23
891,Lauren,Coleman,1/25/95,Employee,5102.454999999999,5,true,laurencoleman,Fun!23
404,Allison,Cross,10/14/49,Employee,69.4350000000012,3,true,allisoncross,Fun!23
786,Patricia,Mcdonald,11/9/62,Employee,971.24,8,false,patriciamcdonald,Fun!23
719,Phillip,Meyer,12/31/34,Employee,490.7925000000005,4,true,phillipmeyer,Fun!23
541,Richard,Edwards,9/25/39,Employee,513.8500000000004,2,false,richardedwards,Fun!23
122,Stephen,Ellis,8/8/55,Employee,4005.1474999999996,8,true,stephenellis,Fun!23
42,Alexis,Acosta,6/8/80,Employee,12.425000000001148,4,true,alexisacosta,Fun!23
934,Dennis,Cooper,9/26/93,Employee,870.0999999999999,4,false,denniscooper,Fun!23
218,Timothy,Romero,3/21/98,Employee,899.2900000000002,3,false,timothyromero,Fun!23
669,Sarah,Jones,3/4/69,Employee,2210.2599999999993,7,false,sarahjones,Fun!23
993,Danielle,Conrad,10/10/82,Employee,856.8699999999997,8,false,danielleconrad,Fun!23
294,Tami,Alexander,2/13/62,Employee,141.4899999999992,7,false,tamialexander,Fun!23
268,Craig,Schaefer,11/7/19,Employee,201.60000000000105,8,true,craigschaefer,Fun!23
852,Nicole,Lloyd,12/2/12,Employee,457.88000000000056,6,false,nicolelloyd,Fun!23
303,Bradley,Rodriguez,3/7/35,Employee,26.360000000000014,5,false,bradleyrodriguez,Fun!23
899,Danielle,Chavez,10/18/98,Employee,4634.599999999999,5,false,daniellechavez,Fun!23
146,David,Gardner,9/16/04,Employee,2123.5300000000007,3,true,davidgardner,Fun!23
456,Deborah,Scott,12/3/26,Employee,1621.779999999998,6,false,deborahscott,Fun!23
894,Olivia,Richardson,9/24/47,Employee,483.11999999999847,11,false,oliviarichardson,Fun!23
598,Sarah,Anderson,7/21/89,Employee,1443.4000000000005,4,false,sarahanderson,Fun!23
779,Sabrina,Nguyen,5/24/37,Employee,215.10499999999988,5,true,sabrinanguyen,Fun!23
222,Mark,Lee,9/9/02,Employee,1747.9825000000008,3,true,marklee,Fun!23
429,John,Morris,2/20/48,Employee,2492.23,3,false,johnmorris,Fun!23
217,Chase,Miller,8/1/47,Employee,1731.2199999999998,5,false,chasemiller,Fun!23
620,Amber,Long,2/13/80,Employee,24.632499999999652,5,true,amberlong,Fun!23
641,Luis,Johnson,9/19/78,Employee,121.57000000000119,4,true,luisjohnson,Fun!23
127,Monica,Davenport,11/7/63,Employee,505.02500000000055,2,true,monicadavenport,Fun!23
419,Lisa,Spencer,9/18/88,Employee,1848.3524999999986,7,true,lisaspencer,Fun!23
335,Kyle,Taylor,10/6/98,Employee,3004.07,3,false,kyletaylor,Fun!23
527,Christopher,Melendez,12/16/92,Employee,165.57500000000073,8,true,christophermelendez,Fun!23
135,Jerry,Curtis,9/25/37,Employee,31.25,6,false,jerrycurtis,Fun!23
857,Kristine,Smith,3/12/58,Employee,226.92999999999998,5,false,kristinesmith,Fun!23
778,Craig,Brown,2/25/83,Employee,394.10999999999945,6,false,craigbrown,Fun!23
932,David,Hayes,5/26/90,Employee,3665.909999999999,3,false,davidhayes,Fun!23
460,Jason,Skinner,8/25/20,Employee,274.5899999999998,5,false,jasonskinner,Fun!23
267,William,Hunter,11/7/41,Employee,58.79000000000008,6,false,williamhunter,Fun!23
1029,Jessica,Smith,7/3/76,Employee,127.68000000000097,7,false,jessicasmith,Fun!23
425,Brandon,Neal,7/7/76,Employee,10.177500000000151,3,true,brandonneal,Fun!23
918,Lisa,Jackson,10/16/91,Employee,2438.7374999999997,6,true,lisajackson,Fun!23
213,Lee,Burke,12/23/89,Employee,168.79999999999995,4,true,leeburke,Fun!23
327,Bryan,Hardy,10/22/02,Employee,22.529999999999177,7,false,bryanhardy,Fun!23
45,Jessica,Barragan,6/21/07,Employee,4509.0599999999995,4,false,jessicabarragan,Fun!23
259,Karen,Thomas,11/29/33,Employee,165.91000000000008,3,false,karenthomas,Fun!23
306,David,Mills,5/11/78,Employee,271.2474999999997,4,true,davidmills,Fun!23
478,Thomas,Bonilla,6/28/21,Employee,267.77999999999884,5,false,thomasbonilla,Fun!23
717,Daniel,Smith,7/31/31,Employee,192.07999999999993,3,false,danielsmith,Fun!23
467,Christopher,Raymond,2/17/55,Employee,438.46000000000095,8,false,christopherraymond,Fun!23
970,Jeremy,Rocha,10/12/78,Employee,371.4300000000005,2,false,jeremyrocha,Fun!23
925,Erica,Burch,3/6/77,Employee,487.7324999999994,6,true,ericaburch,Fun!23
606,Lawrence,Price,12/14/84,Employee,48.30000000000018,7,false,lawrenceprice,Fun!23
64,Santiago,Olivas,5/11/42,Employee,416.13499999999954,2,true,santiagoolivas,Fun!23
423,Elizabeth,Cruz,7/5/23,Employee,696.2800000000009,9,false,elizabethcruz,Fun!23
656,Kimberly,Martinez,6/16/83,Employee,5959.3899999999985,6,false,kimberlymartinez,Fun!23
187,Jeremy,Alvarez,2/16/83,Employee,794.3399999999997,4,false,jeremyalvarez,Fun!23
81,Andres,Soto,9/13/37,Employee,82.51500000000033,2,true,andressoto,Fun!23
526,Robin,Watson,6/5/67,Employee,8522.43,3,true,robinwatson,Fun!23
138,Christopher,Coleman,8/19/86,Employee,426.65,5,true,christophercoleman,Fun!23
205,Molly,Cohen,10/27/27,Employee,872.2799999999985,7,false,mollycohen,Fun!23
228,Maria,Mccarthy,6/3/68,Employee,1345.9800000000005,4,false,mariamccarthy,Fun!23
971,Tammy,Waters,3/23/13,Employee,10722.69,6,false,tammywaters,Fun!23
130,Paula,Wyatt,6/29/67,Employee,112.60250000000073,8,true,paulawyatt,Fun!23
143,Edward,Hernandez,11/17/28,Employee,121.70250000000027,3,true,edwardhernandez,Fun!23
232,Paul,Fisher,8/5/98,Employee,27.810000000002475,6,false,paulfisher,Fun!23
914,Amanda,Johnson,5/5/83,Employee,248.1099999999999,3,false,amandajohnson,Fun!23
57,Denisse,LoyaVillalobos,1/29/53,Employee,742.5999999999992,5,true,denisseloyavillalobos,Fun!23
329,Stacey,Paul,2/26/71,Employee,592.2775000000015,7,true,staceypaul,Fun!23
937,Denise,Johnson,12/11/40,Employee,220.46999999999878,7,false,denisejohnson,Fun!23
447,Jon,Lopez,8/8/58,Employee,597.6275000000012,4,true,jonlopez,Fun!23
913,Christopher,Ortega,3/20/97,Employee,195.81499999999983,4,true,christopherortega,Fun!23
1031,Wendy,Phillips,2/23/60,Employee,135.03999999999843,6,false,wendyphillips,Fun!23
617,Andrew,Marshall,10/16/42,Employee,4187.2075,4,true,andrewmarshall,Fun!23
442,Michael,Murray,11/12/48,Employee,659.5399999999995,3,false,michaelmurray,Fun!23
574,Chad,Clark,6/21/79,Employee,133.59000000000106,4,false,chadclark,Fun!23
234,Destiny,Ferguson,3/21/84,Employee,6704.0650000000005,5,true,destinyferguson,Fun!23
554,Dakota,Harper,12/18/55,Employee,620.54,2,false,dakotaharper,Fun!23
757,David,Summers,12/4/66,Employee,49.29499999999973,4,true,davidsummers,Fun!23
864,Christopher,Lucero,7/3/12,Employee,260.1349999999993,3,true,christopherlucero,Fun!23
684,Rebecca,Nguyen,8/11/49,Employee,7.760000000001128,5,false,rebeccanguyen,Fun!23
284,Daniel,Romero,12/27/16,Employee,202.02499999999986,5,true,danielromero,Fun!23
387,Michele,Cummings,1/6/66,Employee,378.7799999999993,8,true,michelecummings,Fun!23
94,Dana,Williams,3/7/19,Employee,1096.3800000000006,4,true,danawilliams,Fun!23
686,Cynthia,Giles,9/9/23,Employee,85.36000000000035,4,false,cynthiagiles,Fun!23
105,Melissa,Mccormick,6/15/15,Employee,835.0299999999993,7,true,melissamccormick,Fun!23
847,Robin,Wilson,7/7/56,Employee,207.86000000000004,5,true,robinwilson,Fun!23
892,Jack,Morgan,5/9/84,Employee,432.05499999999995,3,true,jackmorgan,Fun!23
597,Heather,Robbins,10/1/39,Employee,2899.005,6,true,heatherrobbins,Fun!23
636,Scott,Bailey,7/2/75,Employee,522.5199999999991,8,false,scottbailey,Fun!23
834,Sarah,Stanton,1/6/26,Employee,781.652500000001,5,true,sarahstanton,Fun!23
165,Justin,Wilson,9/17/75,Employee,1570.3999999999996,6,false,justinwilson,Fun!23
252,Alexis,Ford,2/21/94,Employee,68.77499999999947,4,true,alexisford,Fun!23
801,George,Ayala,12/28/95,Employee,0.27999999999923375,3,false,georgeayala,Fun!23
114,Michele,Stevens,6/23/84,Employee,1407.9649999999997,3,true,michelestevens,Fun!23
819,Maria,Young,12/24/45,Employee,356.3225000000001,5,true,mariayoung,Fun!23
403,Ashley,Wilcox,1/15/53,Employee,23.19000000000051,1,false,ashleywilcox,Fun!23
728,William,Adkins,12/24/00,Employee,529.4100000000008,2,false,williamadkins,Fun!23
465,Crystal,Rice,10/5/11,Employee,241.1199999999996,5,true,crystalrice,Fun!23
311,Marissa,Oconnell,12/31/24,Employee,494.4499999999997,2,false,marissaoconnell,Fun!23
1023,Lisa,Yu,5/4/20,Employee,364.4625,4,true,lisayu,Fun!23
674,Michael,Parrish,11/15/76,Employee,3470.8124999999995,8,true,michaelparrish,Fun!23
627,Ronald,Bond,2/2/86,Employee,1149.3299999999988,5,true,ronaldbond,Fun!23
415,Philip,Collins,8/23/78,Employee,406.35000000000025,3,false,philipcollins,Fun!23
51,Marc,Driver,6/3/84,Employee,115.83000000000027,5,false,marcdriver,Fun!23
91,Tom,Perez,4/2/54,Employee,56.162500000000165,3,true,tomperez,Fun!23
427,Tiffany,May,9/17/05,Employee,164.46000000000004,5,false,tiffanymay,Fun!23
168,Anthony,Sanchez,2/1/34,Employee,397.385,3,true,anthonysanchez,Fun!23
301,Theresa,Macias,8/27/00,Employee,193.18999999999937,3,false,theresamacias,Fun!23
468,Wendy,Stanton,9/28/13,Employee,3288.947499999999,6,true,wendystanton,Fun!23
941,Ana,Andrade,11/28/61,Employee,26.00999999999999,6,false,anaandrade,Fun!23
723,Sean,Hernandez,8/18/83,Employee,708.9650000000019,8,true,seanhernandez,Fun!23
312,Gregory,Maxwell,11/28/80,Employee,55.179999999999154,7,false,gregorymaxwell,Fun!23
106,Austin,Griffin,3/28/00,Employee,1619.6899999999991,5,false,austingriffin,Fun!23
501,Justin,Davis,2/20/17,Employee,387.0549999999989,3,true,justindavis,Fun!23
671,Julia,Jones,8/4/66,Employee,51.13499999999985,5,true,juliajones,Fun!23
189,Mark,Ramos,6/25/69,Employee,1977.9875000000004,5,true,markramos,Fun!23
977,Stephanie,Perry,8/22/61,Employee,48.09999999999968,5,false,stephanieperry,Fun!23
112,Logan,Palmer,12/8/78,Employee,135.01000000000045,5,true,loganpalmer,Fun!23
875,John,House,4/29/18,Employee,385.1999999999999,3,false,johnhouse,Fun!23
926,Dalton,Bryant,2/2/00,Employee,2330.6799999999994,4,true,daltonbryant,Fun!23
174,Sandra,Rogers,3/31/47,Employee,392.9849999999999,4,true,sandrarogers,Fun!23
446,Ryan,Wilkins,7/17/08,Employee,3605.8799999999983,7,false,ryanwilkins,Fun!23
625,Anthony,Carson,3/28/56,Employee,2345.3349999999987,8,true,anthonycarson,Fun!23
240,Joel,Arellano,9/24/31,Employee,28.144999999999754,6,true,joelarellano,Fun!23
225,Robert,Park,6/5/11,Employee,1879.2800000000002,5,true,robertpark,Fun!23
986,Michael,Johnson,2/6/00,Employee,203.62999999999965,5,false,michaeljohnson,Fun!23
193,Jeremy,Morris,12/26/79,Employee,261.53250000000025,4,true,jeremymorris,Fun!23
991,Emily,Jackson,7/8/86,Employee,5722.6799999999985,2,false,emilyjackson,Fun!23
733,Michael,Nunez,2/11/99,Employee,457.00999999999874,5,false,michaelnunez,Fun!23
444,David,Davila,5/27/88,Employee,676.8399999999988,5,false,daviddavila,Fun!23
84,Christina,Valtierra,12/15/12,Employee,273.2099999999996,5,false,christinavaltierra,Fun!23
537,Darlene,Russell,10/20/75,Employee,9763.03,4,false,darlenerussell,Fun!23
136,Jeffrey,Weiss,2/19/87,Employee,1184.3499999999995,7,false,jeffreyweiss,Fun!23
434,Kristina,Patrick,2/16/05,Employee,425.98999999999796,10,false,kristinapatrick,Fun!23
337,Chelsea,Porter,4/3/40,Employee,3924.4399999999996,6,false,chelseaporter,Fun!23
992,Paul,Salas,4/22/63,Employee,885.9299999999996,2,false,paulsalas,Fun!23
668,Brittany,Richard,1/15/66,Employee,260.8299999999999,3,false,brittanyrichard,Fun!23
397,Krystal,Thompson,8/24/09,Employee,1033.5899999999997,1,false,krystalthompson,Fun!23
484,Julian,Gutierrez,8/10/15,Employee,18.119999999999948,3,false,juliangutierrez,Fun!23
640,Christopher,Fields,12/2/56,Employee,879.0749999999991,3,true,christopherfields,Fun!23
702,John,Hill,5/22/82,Employee,342.75000000000114,12,false,johnhill,Fun!23
247,David,Gross,12/1/12,Employee,312.6300000000008,4,false,davidgross,Fun!23
53,Alondra,GonzalezAyala,4/12/04,Employee,1492.6225,2,true,alondragonzalezayala,Fun!23
104,Robert,Preston,9/25/10,Employee,1206.2900000000004,3,true,robertpreston,Fun!23
782,Alexandra,Simpson,5/3/97,Employee,144.92999999999927,7,false,alexandrasimpson,Fun!23
505,Angela,Lang,3/27/82,Employee,168.07000000000005,3,false,angelalang,Fun!23
868,Sandra,Sutton,5/25/21,Employee,100.20749999999794,10,true,sandrasutton,Fun!23
117,Christopher,Norris,1/18/64,Employee,123.76999999999862,9,false,christophernorris,Fun!23
195,Nicholas,Anderson,10/5/23,Employee,49.63000000000011,4,false,nicholasanderson,Fun!23
102,Erica,Harrison,6/18/10,Employee,290.8499999999998,4,false,ericaharrison,Fun!23
490,Jose,Evans,10/2/62,Employee,140.67000000000098,5,true,joseevans,Fun!23
771,Michelle,Ray,1/2/19,Employee,1006.1300000000003,8,true,michelleray,Fun!23
604,Victor,Ross,8/11/00,Employee,242.12499999999858,4,true,victorross,Fun!23
368,Christopher,Foster,3/30/38,Employee,131.32000000000016,7,false,christopherfoster,Fun!23
729,Willie,Hobbs,3/7/08,Employee,290.4725000000017,5,true,williehobbs,Fun!23
443,Gregory,Carr,4/20/51,Employee,204.96999999999935,3,false,gregorycarr,Fun!23
916,James,Watson,1/27/65,Employee,469.57749999999953,4,true,jameswatson,Fun!23
856,George,Gilbert,12/21/76,Employee,1936.9224999999997,10,true,georgegilbert,Fun!23
332,Amanda,Shepherd,2/3/53,Employee,1417.21,4,true,amandashepherd,Fun!23
843,Kevin,Tran,5/13/60,Employee,55.680000000000746,4,false,kevintran,Fun!23
524,Tiffany,Davis,10/1/99,Employee,173.54999999999916,9,false,tiffanydavis,Fun!23
96,Sean,Klein,2/26/82,Employee,8652.3425,5,true,seanklein,Fun!23
436,Rebecca,Brown,11/19/09,Employee,792.8600000000006,7,false,rebeccabrown,Fun!23
471,Alyssa,Reese,7/15/50,Employee,121.95999999999998,2,false,alyssareese,Fun!23
867,Christian,Ellis,12/1/27,Employee,1101.8925000000002,6,true,christianellis,Fun!23
568,Dylan,Lopez,2/14/58,Employee,121.289999999999,6,false,dylanlopez,Fun!23
972,Douglas,Mckay,11/6/11,Employee,1459.4574999999995,8,true,douglasmckay,Fun!23
659,Brandon,Flores,4/3/73,Employee,67.90499999999997,7,true,brandonflores,Fun!23
584,Andrew,Torres,9/17/85,Employee,2376.7375000000006,9,true,andrewtorres,Fun!23
766,Rachel,Hart,1/6/34,Employee,356.9800000000005,1,false,rachelhart,Fun!23
279,Mario,Walker,6/2/91,Employee,252.29000000000008,6,false,mariowalker,Fun!23
753,Anita,Fletcher,2/25/26,Employee,369.78,4,false,anitafletcher,Fun!23
163,Jennifer,Williams,4/18/30,Employee,1090.8725000000022,8,true,jenniferwilliams,Fun!23
695,Christina,Dodson,10/25/43,Employee,610.1200000000013,3,true,christinadodson,Fun!23
59,Daniel,Lucio,2/26/67,Employee,281.2824999999998,7,true,daniellucio,Fun!23
701,John,Blair,3/1/85,Employee,13.817499999999654,3,true,johnblair,Fun!23
362,Dakota,Bender,2/23/87,Employee,225.11000000000035,4,false,dakotabender,Fun!23
996,Shawn,Santos,3/30/23,Employee,761.5499999999981,9,false,shawnsantos,Fun!23
851,Alexander,Wilson,11/16/52,Employee,5173.78,1,true,alexanderwilson,Fun!23
583,Phillip,Brown,8/6/69,Employee,501.40499999999935,7,true,phillipbrown,Fun!23
569,Martin,Edwards,5/19/91,Employee,911.2299999999996,2,false,martinedwards,Fun!23
512,Mary,Chapman,2/5/64,Employee,522.0750000000005,3,true,marychapman,Fun!23
721,Carmen,Hays,1/23/85,Employee,1523.8899999999999,3,false,carmenhays,Fun!23
510,Edward,Jackson,6/13/37,Employee,0.9399999999990314,7,false,edwardjackson,Fun!23
473,Brian,Lopez,8/6/52,Employee,4535.4075,3,true,brianlopez,Fun!23
141,Gail,Parker,12/22/26,Employee,385.0600000000022,4,true,gailparker,Fun!23
176,Andrew,Garcia,12/30/39,Employee,1317.950000000001,5,false,andrewgarcia,Fun!23
764,Michael,Flores,3/23/99,Employee,14.095000000000823,4,true,michaelflores,Fun!23
290,Matthew,Perez,8/23/70,Employee,541.0999999999999,4,false,matthewperez,Fun!23
917,Kara,Summers,4/24/81,Employee,244.73250000000007,6,true,karasummers,Fun!23
44,Bryan,Arriaga,12/22/73,Employee,483.8975000000006,11,true,bryanarriaga,Fun!23
804,Michelle,Griffin,1/13/00,Employee,1474.3599999999992,5,true,michellegriffin,Fun!23
823,Tanya,Turner,12/23/06,Employee,97.17499999999995,2,true,tanyaturner,Fun!23
955,Amy,Hall,7/21/65,Employee,334.6799999999996,8,false,amyhall,Fun!23
128,Michelle,Holland,1/29/19,Employee,392.91999999999985,2,false,michelleholland,Fun!23
383,Thomas,Elliott,1/5/20,Employee,390.52999999999975,4,false,thomaselliott,Fun!23
580,Theresa,Clark,4/27/30,Employee,156.31999999999937,4,false,theresaclark,Fun!23
794,Erin,Jones,6/15/42,Employee,743.4800000000008,8,false,erinjones,Fun!23
840,Sandra,Newton,1/19/84,Employee,404.01,3,false,sandranewton,Fun!23
89,Jeffrey,Walls,2/3/52,Employee,74.40000000000146,8,false,jeffreywalls,Fun!23
559,Bobby,Gonzales,9/13/32,Employee,423.64500000000044,7,true,bobbygonzales,Fun!23
367,Misty,Horton,1/31/46,Employee,331.8100000000003,5,false,mistyhorton,Fun!23
369,Carrie,Bennett,3/26/65,Employee,2960.5899999999997,5,true,carriebennett,Fun!23
780,Hayden,Mcdaniel,10/9/02,Employee,92.78000000000011,3,true,haydenmcdaniel,Fun!23
266,David,Thomas,12/9/33,Employee,144.31250000000188,4,true,davidthomas,Fun!23
285,Jacqueline,Dunn,6/15/54,Employee,84.6299999999996,5,false,jacquelinedunn,Fun!23
553,William,Evans,2/9/99,Employee,324.09499999999974,5,true,williamevans,Fun!23
1025,Maria,Kelly,2/15/17,Employee,6002.2775,4,true,mariakelly,Fun!23
60,Ashley,Magallanes,10/18/27,Employee,961.5775000000001,3,true,ashleymagallanes,Fun!23
515,Wendy,Campos,11/8/40,Employee,1.5750000000000455,4,true,wendycampos,Fun!23
297,Adam,Maldonado,9/10/32,Employee,458.9000000000001,3,false,adammaldonado,Fun!23
251,Darin,Porter,4/28/05,Employee,883.7199999999998,8,false,darinporter,Fun!23
1036,Shelly,Jones,11/23/85,Employee,1011.9674999999997,2,true,shellyjones,Fun!23
72,Jorge,RodriguezOrtega,7/8/55,Employee,1857.2600000000002,5,true,jorgerodriguezortega,Fun!23
1028,Stephen,Peters,7/6/71,Employee,4439.029999999999,4,false,stephenpeters,Fun!23
375,Jeremiah,Williamson,6/9/80,Employee,991.5,4,false,jeremiahwilliamson,Fun!23
263,Brian,Castillo,4/10/32,Employee,3303.569999999998,7,false,briancastillo,Fun!23
477,Amy,Rodriguez,10/9/44,Employee,802.3349999999997,8,true,amyrodriguez,Fun!23
350,Deborah,Hunt,2/10/78,Employee,27.587499999999636,4,true,deborahhunt,Fun!23
1001,Ryan,Peterson,11/5/94,Employee,289.45250000000124,4,true,ryanpeterson,Fun!23
431,Emma,Padilla,9/8/09,Employee,132.09999999999968,9,false,emmapadilla,Fun!23
904,Jennifer,Huang,9/16/28,Employee,230.03749999999945,5,true,jenniferhuang,Fun!23
998,Elizabeth,Medina,2/18/28,Employee,27.630000000000337,3,false,elizabethmedina,Fun!23
749,Brittney,Daniel,9/9/65,Employee,2257.9249999999993,8,true,brittneydaniel,Fun!23
770,Laurie,Mendoza,1/20/83,Employee,325.39500000000044,1,true,lauriemendoza,Fun!23
435,Raymond,Woodward,7/5/27,Employee,632.8000000000005,3,false,raymondwoodward,Fun!23
74,Eduardo,Romero,3/8/35,Employee,5057.949999999999,5,false,eduardoromero,Fun!23
508,Michaela,Miranda,7/24/51,Employee,320.6199999999995,6,false,michaelamiranda,Fun!23
962,Vincent,Harrison,7/14/33,Employee,37.530000000000086,4,false,vincentharrison,Fun!23
380,Shane,Arnold,9/13/72,Employee,729.3799999999999,5,false,shanearnold,Fun!23
319,Jade,Crawford,11/25/80,Employee,926.6224999999995,5,true,jadecrawford,Fun!23
93,Robert,Lyons,4/1/83,Employee,203.30999999999972,4,false,robertlyons,Fun!23
265,Karen,Zhang,2/26/12,Employee,5340.079999999999,6,true,karenzhang,Fun!23
734,Douglas,Bryant,9/30/55,Employee,262.69999999999936,7,false,douglasbryant,Fun!23
1002,Andrew,Hall,5/18/34,Employee,119.90250000000015,4,true,andrewhall,Fun!23
989,Zachary,Campbell,4/9/48,Employee,7556.849999999999,3,false,zacharycampbell,Fun!23
345,Patricia,Glenn,3/29/44,Employee,3598.98,4,false,patriciaglenn,Fun!23
523,Kim,Contreras,10/12/70,Employee,1419.4225000000001,6,true,kimcontreras,Fun!23
1027,Erin,Barton,1/8/73,Employee,346.2,7,false,erinbarton,Fun!23
984,Monica,Sullivan,9/23/74,Employee,395.78999999999974,2,false,monicasullivan,Fun!23
690,Carl,Foley,5/6/84,Employee,205.8749999999999,4,true,carlfoley,Fun!23
398,Benjamin,Ramirez,4/12/00,Employee,454.55500000000086,4,true,benjaminramirez,Fun!23
567,Barbara,Lane,8/9/78,Employee,95.86999999999989,3,false,barbaralane,Fun!23
513,Colleen,Torres,8/21/99,Employee,7542.307500000001,3,true,colleentorres,Fun!23
714,Timothy,Jones,4/21/57,Employee,192.29499999999996,5,true,timothyjones,Fun!23
416,Hunter,Moore,12/12/85,Employee,141.57000000000136,6,false,huntermoore,Fun!23
739,Jennifer,Bailey,11/5/77,Employee,103.97000000000062,3,true,jenniferbailey,Fun!23
